"pid","object_id","file_type_category","file_type","file_notes","file_description","original_format","research_date","researchers","equipment_used","file_location","fullwidth","thumbnail","order","collection"
415,"3038","Written Documents","Catalog Card","Catalog Card from Museum Plantin-Moretus","A Coach on a Country Road - Catalog Card from Museum Plantin-Moretus",,,,,,"img/derivatives/simple/415/fullwidth.jpg","img/derivatives/simple/415/thumbnail.jpg",,"curatorial_files"
418,"2879","Normal Light Images","Detail",,"Adoration of the Magi (England) - Detail 1",,,,,,"img/derivatives/simple/418/fullwidth.jpg","img/derivatives/simple/418/thumbnail.jpg",,"curatorial_files"
419,"2879","Normal Light Images","Detail",,"Adoration of the Magi (England) - Detail 2",,,,,,"img/derivatives/simple/419/fullwidth.jpg","img/derivatives/simple/419/thumbnail.jpg",,"curatorial_files"
420,"2879","Normal Light Images","Detail",,"Adoration of the Magi (England) - Detail 3",,,,,,"img/derivatives/simple/420/fullwidth.jpg","img/derivatives/simple/420/thumbnail.jpg",,"curatorial_files"
421,"2879","Normal Light Images","Detail",,"Adoration of the Magi (England) - Detail 4",,,,,,"img/derivatives/simple/421/fullwidth.jpg","img/derivatives/simple/421/thumbnail.jpg",,"curatorial_files"
422,"2879","Normal Light Images","Detail",,"Adoration of the Magi (England) - Detail 5",,,,,,"img/derivatives/simple/422/fullwidth.jpg","img/derivatives/simple/422/thumbnail.jpg",,"curatorial_files"
423,"2879","Normal Light Images","Detail",,"Adoration of the Magi (England) - Detail 6",,,,,,"img/derivatives/simple/423/fullwidth.jpg","img/derivatives/simple/423/thumbnail.jpg",,"curatorial_files"
424,"2884","Normal Light Images","Detail",,"Aeneas Carrying Anchises from the Burning Troy (Amsterdam) - Detail 1",,,,,,"img/derivatives/simple/424/fullwidth.jpg","img/derivatives/simple/424/thumbnail.jpg",,"curatorial_files"
425,"2884","Normal Light Images","Detail",,"Aeneas Carrying Anchises from the Burning Troy (Amsterdam) - Detail 2",,,,,,"img/derivatives/simple/425/fullwidth.jpg","img/derivatives/simple/425/thumbnail.jpg",,"curatorial_files"
426,"2884","Normal Light Images","Detail",,"Aeneas Carrying Anchises from the Burning Troy (Amsterdam) - Detail 3",,,,,,"img/derivatives/simple/426/fullwidth.jpg","img/derivatives/simple/426/thumbnail.jpg",,"curatorial_files"
427,"2890","Normal Light Images","Detail",,"Aeneas and Sibyl in the Underworld (Amsterdam) - Detail 1",,,,,,"img/derivatives/simple/427/fullwidth.jpg","img/derivatives/simple/427/thumbnail.jpg",,"curatorial_files"
428,"2890","Normal Light Images","Detail",,"Aeneas and Sibyl in the Underworld (Amsterdam) - Detail 2",,,,,,"img/derivatives/simple/428/fullwidth.jpg","img/derivatives/simple/428/thumbnail.jpg",,"curatorial_files"
429,"2890","Normal Light Images","Detail",,"Aeneas and Sibyl in the Underworld (Amsterdam) - Detail 3",,,,,,"img/derivatives/simple/429/fullwidth.jpg","img/derivatives/simple/429/thumbnail.jpg",,"curatorial_files"
430,"2897","Normal Light Images","Detail",,"Albert and Isabella before Mariemont Castle - Detail 1",,,,,,"img/derivatives/simple/430/fullwidth.jpg","img/derivatives/simple/430/thumbnail.jpg",,"curatorial_files"
431,"2897","Normal Light Images","Detail",,"Albert and Isabella before Mariemont Castle - Detail 2",,,,,,"img/derivatives/simple/431/fullwidth.jpg","img/derivatives/simple/431/thumbnail.jpg",,"curatorial_files"
432,"2907","Normal Light Images","Detail",,"Allegory of Autumn (Neuburg an der Donau) - Detail 1",,,,,,"img/derivatives/simple/432/fullwidth.jpg","img/derivatives/simple/432/thumbnail.jpg",,"curatorial_files"
433,"3794","Normal Light Images","Detail",,"Allegory of Earth (Lyon) - Detail 1",,,,,,"img/derivatives/simple/433/fullwidth.jpg","img/derivatives/simple/433/thumbnail.jpg",,"curatorial_files"
434,"3794","Normal Light Images","Detail",,"Allegory of Earth (Lyon) - Detail 2",,,,,,"img/derivatives/simple/434/fullwidth.jpg","img/derivatives/simple/434/thumbnail.jpg",,"curatorial_files"
435,"3794","Normal Light Images","Detail",,"Allegory of Earth (Lyon) - Detail 3",,,,,,"img/derivatives/simple/435/fullwidth.jpg","img/derivatives/simple/435/thumbnail.jpg",,"curatorial_files"
436,"3794","Normal Light Images","Detail",,"Allegory of Earth (Lyon) - Detail 4",,,,,,"img/derivatives/simple/436/fullwidth.jpg","img/derivatives/simple/436/thumbnail.jpg",,"curatorial_files"
437,"3794","Normal Light Images","Detail",,"Allegory of Earth (Lyon) - Detail 5",,,,,,"img/derivatives/simple/437/fullwidth.jpg","img/derivatives/simple/437/thumbnail.jpg",,"curatorial_files"
438,"3794","Normal Light Images","Detail",,"Allegory of Earth (Lyon) - Detail 6",,,,,,"img/derivatives/simple/438/fullwidth.jpg","img/derivatives/simple/438/thumbnail.jpg",,"curatorial_files"
439,"2921","Normal Light Images","Detail",,"Allegory of Love - Detail 1",,,,,,"img/derivatives/simple/439/fullwidth.jpg","img/derivatives/simple/439/thumbnail.jpg",,"curatorial_files"
440,"2921","Normal Light Images","Detail",,"Allegory of Love - Detail 2",,,,,,"img/derivatives/simple/440/fullwidth.jpg","img/derivatives/simple/440/thumbnail.jpg",,"curatorial_files"
441,"2921","Normal Light Images","Detail",,"Allegory of Love - Detail 3",,,,,,"img/derivatives/simple/441/fullwidth.jpg","img/derivatives/simple/441/thumbnail.jpg",,"curatorial_files"
442,"2921","Normal Light Images","Detail",,"Allegory of Love - Detail 4",,,,,,"img/derivatives/simple/442/fullwidth.jpg","img/derivatives/simple/442/thumbnail.jpg",,"curatorial_files"
443,"2921","Normal Light Images","Detail",,"Allegory of Love - Detail 5",,,,,,"img/derivatives/simple/443/fullwidth.jpg","img/derivatives/simple/443/thumbnail.jpg",,"curatorial_files"
444,"2921","Normal Light Images","Detail",,"Allegory of Love - Detail 6",,,,,,"img/derivatives/simple/444/fullwidth.jpg","img/derivatives/simple/444/thumbnail.jpg",,"curatorial_files"
445,"2921","Normal Light Images","Detail",,"Allegory of Love - Detail 7",,,,,,"img/derivatives/simple/445/fullwidth.jpg","img/derivatives/simple/445/thumbnail.jpg",,"curatorial_files"
446,"2921","Normal Light Images","Detail",,"Allegory of Love - Detail 8",,,,,,"img/derivatives/simple/446/fullwidth.jpg","img/derivatives/simple/446/thumbnail.jpg",,"curatorial_files"
447,"2924","Normal Light Images","Framed Image",,"Allegory of Sight and Smell, framed",,,,,,"img/derivatives/simple/447/fullwidth.jpg","img/derivatives/simple/447/thumbnail.jpg",,"curatorial_files"
448,"2926","Normal Light Images","Detail",,"Allegory of Spring (Neuburg an der Donau) - Detail 1",,,,,,"img/derivatives/simple/448/fullwidth.jpg","img/derivatives/simple/448/thumbnail.jpg",,"curatorial_files"
449,"2926","Normal Light Images","Detail",,"Allegory of Spring (Neuburg an der Donau) - Detail 2",,,,,,"img/derivatives/simple/449/fullwidth.jpg","img/derivatives/simple/449/thumbnail.jpg",,"curatorial_files"
450,"2926","Normal Light Images","Detail",,"Allegory of Spring (Neuburg an der Donau) - Detail 3",,,,,,"img/derivatives/simple/450/fullwidth.jpg","img/derivatives/simple/450/thumbnail.jpg",,"curatorial_files"
451,"2926","Normal Light Images","Detail",,"Allegory of Spring (Neuburg an der Donau) - Detail 4",,,,,,"img/derivatives/simple/451/fullwidth.jpg","img/derivatives/simple/451/thumbnail.jpg",,"curatorial_files"
452,"2938","Normal Light Images","Detail",,"Allegory of Winter (Neuburg an der Donau) - Detail 1",,,,,,"img/derivatives/simple/452/fullwidth.jpg","img/derivatives/simple/452/thumbnail.jpg",,"curatorial_files"
453,"3799","Normal Light Images","Detail",,"Allegory of the Five Senses - Detail 1",,,,,,"img/derivatives/simple/453/fullwidth.jpg","img/derivatives/simple/453/thumbnail.jpg",,"curatorial_files"
454,"3799","Normal Light Images","Detail",,"Allegory of the Five Senses - Detail 2",,,,,,"img/derivatives/simple/454/fullwidth.jpg","img/derivatives/simple/454/thumbnail.jpg",,"curatorial_files"
455,"3799","Normal Light Images","Detail",,"Allegory of the Five Senses - Detail 3",,,,,,"img/derivatives/simple/455/fullwidth.jpg","img/derivatives/simple/455/thumbnail.jpg",,"curatorial_files"
456,"3799","Normal Light Images","Detail",,"Allegory of the Five Senses - Detail 4",,,,,,"img/derivatives/simple/456/fullwidth.jpg","img/derivatives/simple/456/thumbnail.jpg",,"curatorial_files"
457,"3799","Normal Light Images","Detail",,"Allegory of the Five Senses - Detail 5",,,,,,"img/derivatives/simple/457/fullwidth.jpg","img/derivatives/simple/457/thumbnail.jpg",,"curatorial_files"
458,"3799","Normal Light Images","Detail",,"Allegory of the Five Senses - Detail 6",,,,,,"img/derivatives/simple/458/fullwidth.jpg","img/derivatives/simple/458/thumbnail.jpg",,"curatorial_files"
467,"2979","Normal Light Images","Framed Image",,"Framed",,,,,,"img/derivatives/simple/467/fullwidth.jpg","img/derivatives/simple/467/thumbnail.jpg",,"curatorial_files"
468,"2987","Normal Light Images","Extra Image",,"Alternate image",,,,,,"img/derivatives/simple/468/fullwidth.jpg","img/derivatives/simple/468/thumbnail.jpg",,"curatorial_files"
469,"3803","Normal Light Images","Extra Image",,"Color",,,,,,"img/derivatives/simple/469/fullwidth.jpg","img/derivatives/simple/469/thumbnail.jpg",,"curatorial_files"
470,"3803","Normal Light Images","Detail",,"Detail 1",,,,,,"img/derivatives/simple/470/fullwidth.jpg","img/derivatives/simple/470/thumbnail.jpg",,"curatorial_files"
471,"3803","Normal Light Images","Detail",,"Detail 2",,,,,,"img/derivatives/simple/471/fullwidth.jpg","img/derivatives/simple/471/thumbnail.jpg",,"curatorial_files"
472,"3803","Normal Light Images","Detail",,"Detail 3",,,,,,"img/derivatives/simple/472/fullwidth.jpg","img/derivatives/simple/472/thumbnail.jpg",,"curatorial_files"
473,"3803","Normal Light Images","Detail",,"Detail 4",,,,,,"img/derivatives/simple/473/fullwidth.jpg","img/derivatives/simple/473/thumbnail.jpg",,"curatorial_files"
474,"3803","Normal Light Images","Detail",,"Detail 5",,,,,,"img/derivatives/simple/474/fullwidth.jpg","img/derivatives/simple/474/thumbnail.jpg",,"curatorial_files"
477,"3009","Written Documents","Catalog Card","Catalog Card from Museum Plantin-Moretus","Busy Road - Catalog Card from Museum Plantin-Moretus",,,,,,"img/derivatives/simple/477/fullwidth.jpg","img/derivatives/simple/477/thumbnail.jpg",,"curatorial_files"
478,"3014","Normal Light Images","Detail",,"Calvary (Munich) - Detail 1",,,,,,"img/derivatives/simple/478/fullwidth.jpg","img/derivatives/simple/478/thumbnail.jpg",,"curatorial_files"
479,"3026","Normal Light Images","Extra Image","Unframed","Christ and the Adulterous Woman (Munich) - Unframed",,,,,,"img/derivatives/simple/479/fullwidth.jpg","img/derivatives/simple/479/thumbnail.jpg",,"curatorial_files"
480,"3026","Normal Light Images","Detail",,"Christ and the Adulterous Woman (Munich) - Detail 1",,,,,,"img/derivatives/simple/480/fullwidth.jpg","img/derivatives/simple/480/thumbnail.jpg",,"curatorial_files"
481,"3029","Normal Light Images","Reverse",,"Reverse",,,,,,"img/derivatives/simple/481/fullwidth.jpg","img/derivatives/simple/481/thumbnail.jpg",,"curatorial_files"
482,"3035","Normal Light Images","Detail",,"Cityscape with Busy Street - Detail 1",,,,,,"img/derivatives/simple/482/fullwidth.jpg","img/derivatives/simple/482/thumbnail.jpg",,"curatorial_files"
483,"3035","Normal Light Images","Detail",,"Cityscape with Busy Street - Detail 2",,,,,,"img/derivatives/simple/483/fullwidth.jpg","img/derivatives/simple/483/thumbnail.jpg",,"curatorial_files"
484,"3035","Normal Light Images","Detail",,"Cityscape with Busy Street - Detail 3",,,,,,"img/derivatives/simple/484/fullwidth.jpg","img/derivatives/simple/484/thumbnail.jpg",,"curatorial_files"
485,"3035","Normal Light Images","Detail",,"Cityscape with Busy Street - Detail 4",,,,,,"img/derivatives/simple/485/fullwidth.jpg","img/derivatives/simple/485/thumbnail.jpg",,"curatorial_files"
486,"3806","Normal Light Images","Detail",,"Coastal Landscape with Sacrifice of Jonah (London) - Detail 1",,,,,,"img/derivatives/simple/486/fullwidth.jpg","img/derivatives/simple/486/thumbnail.jpg",,"curatorial_files"
487,"3806","Normal Light Images","Detail",,"Coastal Landscape with Sacrifice of Jonah (London) - Detail 2",,,,,,"img/derivatives/simple/487/fullwidth.jpg","img/derivatives/simple/487/thumbnail.jpg",,"curatorial_files"
488,"3806","Normal Light Images","Detail",,"Coastal Landscape with Sacrifice of Jonah (London) - Detail 3",,,,,,"img/derivatives/simple/488/fullwidth.jpg","img/derivatives/simple/488/thumbnail.jpg",,"curatorial_files"
489,"3806","Normal Light Images","Detail",,"Coastal Landscape with Sacrifice of Jonah (London) - Detail 4",,,,,,"img/derivatives/simple/489/fullwidth.jpg","img/derivatives/simple/489/thumbnail.jpg",,"curatorial_files"
490,"3806","Normal Light Images","Detail",,"Coastal Landscape with Sacrifice of Jonah (London) - Detail 5",,,,,,"img/derivatives/simple/490/fullwidth.jpg","img/derivatives/simple/490/thumbnail.jpg",,"curatorial_files"
491,"3056","Normal Light Images","Detail",,"Country Road with Windmill - Detail 1",,,,,,"img/derivatives/simple/491/fullwidth.jpg","img/derivatives/simple/491/thumbnail.jpg",,"curatorial_files"
492,"3056","Normal Light Images","Detail",,"Country Road with Windmill - Detail 2",,,,,,"img/derivatives/simple/492/fullwidth.jpg","img/derivatives/simple/492/thumbnail.jpg",,"curatorial_files"
493,"3808","Normal Light Images","Detail",,"Crossing in the Forest - Detail 1",,,,,,"img/derivatives/simple/493/fullwidth.jpg","img/derivatives/simple/493/thumbnail.jpg",,"curatorial_files"
494,"3808","Normal Light Images","Detail",,"Crossing in the Forest - Detail 2",,,,,,"img/derivatives/simple/494/fullwidth.jpg","img/derivatives/simple/494/thumbnail.jpg",,"curatorial_files"
495,"3808","Normal Light Images","Detail",,"Crossing in the Forest - Detail 3",,,,,,"img/derivatives/simple/495/fullwidth.jpg","img/derivatives/simple/495/thumbnail.jpg",,"curatorial_files"
496,"3070","Normal Light Images","Detail",,"Diana's Nymphs After Fishing - Detail 1",,,,,,"img/derivatives/simple/496/fullwidth.jpg","img/derivatives/simple/496/thumbnail.jpg",,"curatorial_files"
497,"3070","Normal Light Images","Detail",,"Diana's Nymphs After Fishing - Detail 2",,,,,,"img/derivatives/simple/497/fullwidth.jpg","img/derivatives/simple/497/thumbnail.jpg",,"curatorial_files"
498,"3070","Normal Light Images","Detail",,"Diana's Nymphs After Fishing - Detail 3",,,,,,"img/derivatives/simple/498/fullwidth.jpg","img/derivatives/simple/498/thumbnail.jpg",,"curatorial_files"
499,"3070","Normal Light Images","Detail",,"Diana's Nymphs After Fishing - Detail 4",,,,,,"img/derivatives/simple/499/fullwidth.jpg","img/derivatives/simple/499/thumbnail.jpg",,"curatorial_files"
500,"3072","Normal Light Images","Detail",,"Diana After the Hunt - Detail 1",,,,,,"img/derivatives/simple/500/fullwidth.jpg","img/derivatives/simple/500/thumbnail.jpg",,"curatorial_files"
501,"3809","Normal Light Images","Detail",,"Diana and Actaeon - Detail 1",,,,,,"img/derivatives/simple/501/fullwidth.jpg","img/derivatives/simple/501/thumbnail.jpg",,"curatorial_files"
502,"3809","Normal Light Images","Detail",,"Diana and Actaeon - Detail 2",,,,,,"img/derivatives/simple/502/fullwidth.jpg","img/derivatives/simple/502/thumbnail.jpg",,"curatorial_files"
503,"3813","Normal Light Images","Detail",,"Fantastic Cave with Odysseus and Calypso - Detail 1",,,,,,"img/derivatives/simple/503/fullwidth.jpg","img/derivatives/simple/503/thumbnail.jpg",,"curatorial_files"
504,"3813","Normal Light Images","Detail",,"Fantastic Cave with Odysseus and Calypso - Detail 2",,,,,,"img/derivatives/simple/504/fullwidth.jpg","img/derivatives/simple/504/thumbnail.jpg",,"curatorial_files"
505,"3813","Normal Light Images","Detail",,"Fantastic Cave with Odysseus and Calypso - Detail 3",,,,,,"img/derivatives/simple/505/fullwidth.jpg","img/derivatives/simple/505/thumbnail.jpg",,"curatorial_files"
506,"3813","Normal Light Images","Detail",,"Fantastic Cave with Odysseus and Calypso - Detail 4",,,,,,"img/derivatives/simple/506/fullwidth.jpg","img/derivatives/simple/506/thumbnail.jpg",,"curatorial_files"
507,"3813","Normal Light Images","Detail",,"Fantastic Cave with Odysseus and Calypso - Detail 5",,,,,,"img/derivatives/simple/507/fullwidth.jpg","img/derivatives/simple/507/thumbnail.jpg",,"curatorial_files"
508,"3813","Normal Light Images","Detail",,"Fantastic Cave with Odysseus and Calypso - Detail 6",,,,,,"img/derivatives/simple/508/fullwidth.jpg","img/derivatives/simple/508/thumbnail.jpg",,"curatorial_files"
509,"3813","Normal Light Images","Detail",,"Fantastic Cave with Odysseus and Calypso - Detail 7",,,,,,"img/derivatives/simple/509/fullwidth.jpg","img/derivatives/simple/509/thumbnail.jpg",,"curatorial_files"
510,"3813","Normal Light Images","Detail",,"Fantastic Cave with Odysseus and Calypso - Detail 8",,,,,,"img/derivatives/simple/510/fullwidth.jpg","img/derivatives/simple/510/thumbnail.jpg",,"curatorial_files"
511,"3101","Normal Light Images","Detail",,"Farmstead on the Stream - Detail 1",,,,,,"img/derivatives/simple/511/fullwidth.jpg","img/derivatives/simple/511/thumbnail.jpg",,"curatorial_files"
512,"3108","Normal Light Images","Detail",,"Feast of the Gods with Bacchus - Detail 1",,,,,,"img/derivatives/simple/512/fullwidth.jpg","img/derivatives/simple/512/thumbnail.jpg",,"curatorial_files"
513,"3108","Normal Light Images","Detail",,"Feast of the Gods with Bacchus - Detail 2",,,,,,"img/derivatives/simple/513/fullwidth.jpg","img/derivatives/simple/513/thumbnail.jpg",,"curatorial_files"
514,"3815","Normal Light Images","Extra Image","Black and white image","Black and white image",,,,,,"img/derivatives/simple/514/fullwidth.jpg","img/derivatives/simple/514/thumbnail.jpg",,"curatorial_files"
515,"3116","Normal Light Images","Detail",,"Fish Market by a River - Detail 1",,,,,,"img/derivatives/simple/515/fullwidth.jpg","img/derivatives/simple/515/thumbnail.jpg",,"curatorial_files"
516,"3116","Normal Light Images","Detail",,"Fish Market by a River - Detail 2",,,,,,"img/derivatives/simple/516/fullwidth.jpg","img/derivatives/simple/516/thumbnail.jpg",,"curatorial_files"
517,"3118","Written Documents","Catalog Card","Catalog Card from Museum Plantin-Moretus","Fishermen in the Dunes - Catalog Card from Museum Plantin-Moretus",,,,,,"img/derivatives/simple/517/fullwidth.jpg","img/derivatives/simple/517/thumbnail.jpg",,"curatorial_files"
518,"3118","Written Documents","Catalog Card","Catalog Card from Museum Plantin-Moretus","Fishermen in the Dunes - Catalog Card from Museum Plantin-Moretus",,,,,,"img/derivatives/simple/518/fullwidth.jpg","img/derivatives/simple/518/thumbnail.jpg",,"curatorial_files"
519,"3126","Written Documents","Catalog Card","Catalog Card from Museum Plantin-Moretus","Flower Arrangement - Catalog Card from Museum Plantin-Moretus",,,,,,"img/derivatives/simple/519/fullwidth.jpg","img/derivatives/simple/519/thumbnail.jpg",,"curatorial_files"
520,"3126","Written Documents","Catalog Card","Catalog Card from Museum Plantin-Moretus","Flower Arrangement - Catalog Card from Museum Plantin-Moretus",,,,,,"img/derivatives/simple/520/fullwidth.jpg","img/derivatives/simple/520/thumbnail.jpg",,"curatorial_files"
521,"3130","Normal Light Images","Detail",,"Flower Garland Around the Madonna and Child with Angels - Detail 1",,,,,,"img/derivatives/simple/521/fullwidth.jpg","img/derivatives/simple/521/thumbnail.jpg",,"curatorial_files"
522,"3130","Normal Light Images","Detail",,"Flower Garland Around the Madonna and Child with Angels - Detail 2",,,,,,"img/derivatives/simple/522/fullwidth.jpg","img/derivatives/simple/522/thumbnail.jpg",,"curatorial_files"
523,"3130","Normal Light Images","Detail",,"Flower Garland Around the Madonna and Child with Angels - Detail 4",,,,,,"img/derivatives/simple/523/fullwidth.jpg","img/derivatives/simple/523/thumbnail.jpg",,"curatorial_files"
524,"3130","Normal Light Images","Detail",,"Flower Garland Around the Madonna and Child with Angels - Detail 5",,,,,,"img/derivatives/simple/524/fullwidth.jpg","img/derivatives/simple/524/thumbnail.jpg",,"curatorial_files"
525,"3132","Normal Light Images","Framed Image",,"Flower Garland Around the Virgin and Child (Milan), framed",,,,,,"img/derivatives/simple/525/fullwidth.jpg","img/derivatives/simple/525/thumbnail.jpg",,"curatorial_files"
526,"3139","Normal Light Images","Detail","RKD #92.731","Detail 1",,,,,,"img/derivatives/simple/526/fullwidth.jpg","img/derivatives/simple/526/thumbnail.jpg",,"curatorial_files"
527,"3139","Normal Light Images","Detail","RKD #92.728","Detail 2",,,,,,"img/derivatives/simple/527/fullwidth.jpg","img/derivatives/simple/527/thumbnail.jpg",,"curatorial_files"
528,"3139","Normal Light Images","Detail","RKD #92.726","Detail 3",,,,,,"img/derivatives/simple/528/fullwidth.jpg","img/derivatives/simple/528/thumbnail.jpg",,"curatorial_files"
529,"3139","Normal Light Images","Detail","RKD #92.724","Detail 4",,,,,,"img/derivatives/simple/529/fullwidth.jpg","img/derivatives/simple/529/thumbnail.jpg",,"curatorial_files"
530,"3139","Normal Light Images","Detail","RKD #92.729","Detail 5",,,,,,"img/derivatives/simple/530/fullwidth.jpg","img/derivatives/simple/530/thumbnail.jpg",,"curatorial_files"
531,"3139","Normal Light Images","Detail","RKD #92.730","Detail 6",,,,,,"img/derivatives/simple/531/fullwidth.jpg","img/derivatives/simple/531/thumbnail.jpg",,"curatorial_files"
532,"3139","Normal Light Images","Detail","RKD #92.727","Detail 7",,,,,,"img/derivatives/simple/532/fullwidth.jpg","img/derivatives/simple/532/thumbnail.jpg",,"curatorial_files"
533,"3142","Normal Light Images","Detail",,"Flowers in Earthenware Vase (Vienna) detail",,,,,,"img/derivatives/simple/533/fullwidth.jpg","img/derivatives/simple/533/thumbnail.jpg",,"curatorial_files"
534,"3819","Normal Light Images","Detail",,"Flowers in a Blue Painted Vase - Detail 1",,,,,,"img/derivatives/simple/534/fullwidth.jpg","img/derivatives/simple/534/thumbnail.jpg",,"curatorial_files"
535,"3819","Normal Light Images","Detail",,"Flowers in a Blue Painted Vase - Detail 2",,,,,,"img/derivatives/simple/535/fullwidth.jpg","img/derivatives/simple/535/thumbnail.jpg",,"curatorial_files"
536,"3819","Normal Light Images","Detail",,"Flowers in a Blue Painted Vase - Detail 3",,,,,,"img/derivatives/simple/536/fullwidth.jpg","img/derivatives/simple/536/thumbnail.jpg",,"curatorial_files"
537,"3819","Normal Light Images","Detail",,"Flowers in a Blue Painted Vase - Detail 4",,,,,,"img/derivatives/simple/537/fullwidth.jpg","img/derivatives/simple/537/thumbnail.jpg",,"curatorial_files"
538,"3819","Normal Light Images","Detail",,"Flowers in a Blue Painted Vase - Detail 5",,,,,,"img/derivatives/simple/538/fullwidth.jpg","img/derivatives/simple/538/thumbnail.jpg",,"curatorial_files"
539,"3820","Normal Light Images","Detail","Ertz 2008-10, #421","Detail",,,,,,"img/derivatives/simple/539/fullwidth.jpg","img/derivatives/simple/539/thumbnail.jpg",,"curatorial_files"
540,"3154","Normal Light Images","Detail",,"Detail 1",,,,,,"img/derivatives/simple/540/fullwidth.jpg","img/derivatives/simple/540/thumbnail.jpg",,"curatorial_files"
541,"3160","Normal Light Images","Extra Image","Black and white image","Black and white",,,,,,"img/derivatives/simple/541/fullwidth.jpg","img/derivatives/simple/541/thumbnail.jpg",,"curatorial_files"
542,"3177","Normal Light Images","Detail",,"Detail 1",,,,,,"img/derivatives/simple/542/fullwidth.jpg","img/derivatives/simple/542/thumbnail.jpg",,"curatorial_files"
543,"3177","Normal Light Images","Detail",,"Detail 2",,,,,,"img/derivatives/simple/543/fullwidth.jpg","img/derivatives/simple/543/thumbnail.jpg",,"curatorial_files"
544,"3180","Normal Light Images","Extra Image",,,,,,,,"img/derivatives/simple/544/fullwidth.jpg","img/derivatives/simple/544/thumbnail.jpg",,"curatorial_files"
545,"3186","Normal Light Images","Framed Image",,"Forest Landscape with Angler - Framed",,,,,,"img/derivatives/simple/545/fullwidth.jpg","img/derivatives/simple/545/thumbnail.jpg",,"curatorial_files"
546,"3186","Normal Light Images","Detail",,"Forest Landscape with Angler - Detail 1",,,,,,"img/derivatives/simple/546/fullwidth.jpg","img/derivatives/simple/546/thumbnail.jpg",,"curatorial_files"
547,"3186","Normal Light Images","Detail",,"Forest Landscape with Angler - Detail 2",,,,,,"img/derivatives/simple/547/fullwidth.jpg","img/derivatives/simple/547/thumbnail.jpg",,"curatorial_files"
548,"3186","Normal Light Images","Detail",,"Forest Landscape with Angler - Detail 3",,,,,,"img/derivatives/simple/548/fullwidth.jpg","img/derivatives/simple/548/thumbnail.jpg",,"curatorial_files"
549,"3192","Normal Light Images","Framed Image",,"Framed",,,,,,"img/derivatives/simple/549/fullwidth.jpg","img/derivatives/simple/549/thumbnail.jpg",,"curatorial_files"
550,"3205","Normal Light Images","Related Materials","Forest Landscape with Hunters (Private Collection) depicted in the Allegory of Sight (Prado). The relationship between the two paintings is explored in Wood Ruby 2012.","Forest Landscape with Hunters (Private Collection) depicted in the Allegory of Sight (Prado)",,,,,,"img/derivatives/simple/550/fullwidth.jpg","img/derivatives/simple/550/thumbnail.jpg",,"curatorial_files"
551,"3211","Normal Light Images","Detail",,"Forest Landscape with St. Hubert - Detail 1",,,,,,"img/derivatives/simple/551/fullwidth.jpg","img/derivatives/simple/551/thumbnail.jpg",,"curatorial_files"
552,"3211","Normal Light Images","Detail",,"Forest Landscape with St. Hubert - Detail 2",,,,,,"img/derivatives/simple/552/fullwidth.jpg","img/derivatives/simple/552/thumbnail.jpg",,"curatorial_files"
553,"3211","Normal Light Images","Detail",,"Forest Landscape with St. Hubert - Detail 3",,,,,,"img/derivatives/simple/553/fullwidth.jpg","img/derivatives/simple/553/thumbnail.jpg",,"curatorial_files"
554,"3229","Normal Light Images","Framed Image",,"Forest with Hunting Scene (Framed)",,,,,,"img/derivatives/simple/554/fullwidth.jpg","img/derivatives/simple/554/thumbnail.jpg",,"curatorial_files"
555,"3825","Normal Light Images","Extra Image",,"Fruit Garland with Offering to Ceres - Additional Image",,,,,,"img/derivatives/simple/555/fullwidth.jpg","img/derivatives/simple/555/thumbnail.jpg",,"curatorial_files"
556,"3246","Normal Light Images","Detail",,"Fruit and Flower Garland with the Holy Family in a Landscape (Munich) - Detail 1",,,,,,"img/derivatives/simple/556/fullwidth.jpg","img/derivatives/simple/556/thumbnail.jpg",,"curatorial_files"
557,"3246","Normal Light Images","Detail",,"Fruit and Flower Garland with the Holy Family in a Landscape (Munich) - Detail 2",,,,,,"img/derivatives/simple/557/fullwidth.jpg","img/derivatives/simple/557/thumbnail.jpg",,"curatorial_files"
559,"3260","Normal Light Images","Detail",,"Harbor with Preaching of Christ (London) - Detail 1",,,,,,"img/derivatives/simple/559/fullwidth.jpg","img/derivatives/simple/559/thumbnail.jpg",,"curatorial_files"
560,"3260","Normal Light Images","Detail",,"Harbor with Preaching of Christ (London) - Detail 2",,,,,,"img/derivatives/simple/560/fullwidth.jpg","img/derivatives/simple/560/thumbnail.jpg",,"curatorial_files"
561,"3260","Normal Light Images","Detail",,"Harbor with Preaching of Christ (London) - Detail 3",,,,,,"img/derivatives/simple/561/fullwidth.jpg","img/derivatives/simple/561/thumbnail.jpg",,"curatorial_files"
562,"3260","Normal Light Images","Detail",,"Harbor with Preaching of Christ (London) - Detail 4",,,,,,"img/derivatives/simple/562/fullwidth.jpg","img/derivatives/simple/562/thumbnail.jpg",,"curatorial_files"
563,"3263","Normal Light Images","Framed Image",,"Hell Scene, framed",,,,,,"img/derivatives/simple/563/fullwidth.jpg","img/derivatives/simple/563/thumbnail.jpg",,"curatorial_files"
564,"3266","Normal Light Images","Extra Image",,"Hermit with Vegetable Garden and Distant Landscape - Extra 1",,,,,,"img/derivatives/simple/564/fullwidth.jpg","img/derivatives/simple/564/thumbnail.jpg",,"curatorial_files"
565,"3266","Normal Light Images","Extra Image",,"Hermit with Vegetable Garden and Distant Landscape - Extra 2",,,,,,"img/derivatives/simple/565/fullwidth.jpg","img/derivatives/simple/565/thumbnail.jpg",,"curatorial_files"
566,"3277","Normal Light Images","Detail",,"Holy Family in a Landscape (Munich) - Detail 1",,,,,,"img/derivatives/simple/566/fullwidth.jpg","img/derivatives/simple/566/thumbnail.jpg",,"curatorial_files"
567,"3277","Normal Light Images","Detail",,"Holy Family in a Landscape (Munich) - Detail 2",,,,,,"img/derivatives/simple/567/fullwidth.jpg","img/derivatives/simple/567/thumbnail.jpg",,"curatorial_files"
568,"3291","Normal Light Images","Extra Image",,"Interior of a Gothic Church (Milan) - Extra 1",,,,,,"img/derivatives/simple/568/fullwidth.jpg","img/derivatives/simple/568/thumbnail.jpg",,"curatorial_files"
569,"3830","Normal Light Images","Extra Image",,"Interior of a Gothic Church Looking East (London, 1443) - Extra 1",,,,,,"img/derivatives/simple/569/fullwidth.jpg","img/derivatives/simple/569/thumbnail.jpg",,"curatorial_files"
570,"3830","Normal Light Images","Extra Image",,"Interior of a Gothic Church Looking East (London, 1443) - Extra 2",,,,,,"img/derivatives/simple/570/fullwidth.jpg","img/derivatives/simple/570/thumbnail.jpg",,"curatorial_files"
571,"3831","Normal Light Images","Extra Image",,"Interior of a Gothic Church Looking East (London, 2204) - Extra 1",,,,,,"img/derivatives/simple/571/fullwidth.jpg","img/derivatives/simple/571/thumbnail.jpg",,"curatorial_files"
572,"3295","Normal Light Images","Detail",,"John the Baptist in the Wilderness (London) - Detail 1",,,,,,"img/derivatives/simple/572/fullwidth.jpg","img/derivatives/simple/572/thumbnail.jpg",,"curatorial_files"
573,"3295","Normal Light Images","Detail",,"John the Baptist in the Wilderness (London) - Detail 2",,,,,,"img/derivatives/simple/573/fullwidth.jpg","img/derivatives/simple/573/thumbnail.jpg",,"curatorial_files"
574,"3297","Normal Light Images","Detail",,"Jonah Leaving the Whale (Munich) - Detail 1",,,,,,"img/derivatives/simple/574/fullwidth.jpg","img/derivatives/simple/574/thumbnail.jpg",,"curatorial_files"
575,"3303","Normal Light Images","Detail",,"Landing Stage Near a Village - Detail 1",,,,,,"img/derivatives/simple/575/fullwidth.jpg","img/derivatives/simple/575/thumbnail.jpg",,"curatorial_files"
576,"3303","Normal Light Images","Detail",,"Landing Stage Near a Village - Detail 2",,,,,,"img/derivatives/simple/576/fullwidth.jpg","img/derivatives/simple/576/thumbnail.jpg",,"curatorial_files"
577,"3315","Normal Light Images","Extra Image",,"Landscape with Hermit (St. Fulgentius?) (Milan) - Extra 1",,,,,,"img/derivatives/simple/577/fullwidth.jpg","img/derivatives/simple/577/thumbnail.jpg",,"curatorial_files"
578,"3322","Written Documents","Catalog Card","Catalog Card from Museum Plantin-Moretus","Landscape with Moated Castle - Catalog Card from Museum Plantin-Moretus",,,,,,"img/derivatives/simple/578/fullwidth.jpg","img/derivatives/simple/578/thumbnail.jpg",,"curatorial_files"
579,"3322","Written Documents","Catalog Card","Catalog Card from Museum Plantin-Moretus","Landscape with Moated Castle - Catalog Card from Museum Plantin-Moretus",,,,,,"img/derivatives/simple/579/fullwidth.jpg","img/derivatives/simple/579/thumbnail.jpg",,"curatorial_files"
580,"3323","Normal Light Images","Detail",,"Landscape with Noble Company - Detail 1",,,,,,"img/derivatives/simple/580/fullwidth.jpg","img/derivatives/simple/580/thumbnail.jpg",,"curatorial_files"
581,"3323","Normal Light Images","Detail",,"Landscape with Noble Company - Detail 2",,,,,,"img/derivatives/simple/581/fullwidth.jpg","img/derivatives/simple/581/thumbnail.jpg",,"curatorial_files"
582,"3323","Normal Light Images","Detail",,"Landscape with Noble Company - Detail 3",,,,,,"img/derivatives/simple/582/fullwidth.jpg","img/derivatives/simple/582/thumbnail.jpg",,"curatorial_files"
583,"3325","Normal Light Images","Detail",,"Landscape with Rest on the Flight into Egypt - Detail 1",,,,,,"img/derivatives/simple/583/fullwidth.jpg","img/derivatives/simple/583/thumbnail.jpg",,"curatorial_files"
584,"3325","Normal Light Images","Detail",,"Landscape with Rest on the Flight into Egypt - Detail 2",,,,,,"img/derivatives/simple/584/fullwidth.jpg","img/derivatives/simple/584/thumbnail.jpg",,"curatorial_files"
585,"3325","Normal Light Images","Detail",,"Landscape with Rest on the Flight into Egypt - Detail 3",,,,,,"img/derivatives/simple/585/fullwidth.jpg","img/derivatives/simple/585/thumbnail.jpg",,"curatorial_files"
586,"3327","Normal Light Images","Detail",,"Landscape with St. Jerome (Munich) - Detail 1",,,,,,"img/derivatives/simple/586/fullwidth.jpg","img/derivatives/simple/586/thumbnail.jpg",,"curatorial_files"
587,"3833","Normal Light Images","Framed Image",,"Black and white image, framed",,,,,,"img/derivatives/simple/587/fullwidth.jpg","img/derivatives/simple/587/thumbnail.jpg",,"curatorial_files"
588,"3341","Normal Light Images","Detail",,"Large Fish Market with Self Portrait - Detail 1",,,,,,"img/derivatives/simple/588/fullwidth.jpg","img/derivatives/simple/588/thumbnail.jpg",,"curatorial_files"
589,"3341","Normal Light Images","Detail",,"Large Fish Market with Self Portrait - Detail 2",,,,,,"img/derivatives/simple/589/fullwidth.jpg","img/derivatives/simple/589/thumbnail.jpg",,"curatorial_files"
590,"3341","Normal Light Images","Detail",,"Large Fish Market with Self Portrait - Detail 3",,,,,,"img/derivatives/simple/590/fullwidth.jpg","img/derivatives/simple/590/thumbnail.jpg",,"curatorial_files"
591,"3341","Normal Light Images","Detail",,"Large Fish Market with Self Portrait - Detail 4",,,,,,"img/derivatives/simple/591/fullwidth.jpg","img/derivatives/simple/591/thumbnail.jpg",,"curatorial_files"
592,"3341","Normal Light Images","Detail",,"Large Fish Market with Self Portrait - Detail 5",,,,,,"img/derivatives/simple/592/fullwidth.jpg","img/derivatives/simple/592/thumbnail.jpg",,"curatorial_files"
593,"3347","Normal Light Images","Detail",,"Lot and His Daughters before Sodom (Munich) - Detail 1",,,,,,"img/derivatives/simple/593/fullwidth.jpg","img/derivatives/simple/593/thumbnail.jpg",,"curatorial_files"
595,"3350","Normal Light Images","Extra Image","Unframed","Madonna and Child in a Flower Garland with Putti (Munich) -Unframed",,,,,,"img/derivatives/simple/595/fullwidth.jpg","img/derivatives/simple/595/thumbnail.jpg",,"curatorial_files"
596,"3350","Normal Light Images","Detail",,"Madonna and Child in a Flower Garland with Putti (Munich) - Detail 1",,,,,,"img/derivatives/simple/596/fullwidth.jpg","img/derivatives/simple/596/thumbnail.jpg",,"curatorial_files"
597,"3350","Normal Light Images","Detail",,"Madonna and Child in a Flower Garland with Putti (Munich) - Detail 2",,,,,,"img/derivatives/simple/597/fullwidth.jpg","img/derivatives/simple/597/thumbnail.jpg",,"curatorial_files"
598,"3350","Normal Light Images","Detail",,"Madonna and Child in a Flower Garland with Putti (Munich) - Detail 3",,,,,,"img/derivatives/simple/598/fullwidth.jpg","img/derivatives/simple/598/thumbnail.jpg",,"curatorial_files"
599,"3352","Normal Light Images","Detail",,"Madonna and Child with Angels in a Landscape (Cologne) - Detail 1",,,,,,"img/derivatives/simple/599/fullwidth.jpg","img/derivatives/simple/599/thumbnail.jpg",,"curatorial_files"
600,"3352","Normal Light Images","Detail",,"Madonna and Child with Angels in a Landscape (Cologne) - Detail 2",,,,,,"img/derivatives/simple/600/fullwidth.jpg","img/derivatives/simple/600/thumbnail.jpg",,"curatorial_files"
601,"3352","Normal Light Images","Detail",,"Madonna and Child with Angels in a Landscape (Cologne) - Detail 3",,,,,,"img/derivatives/simple/601/fullwidth.jpg","img/derivatives/simple/601/thumbnail.jpg",,"curatorial_files"
602,"3364","Normal Light Images","Detail",,"Mary with Christ, John and Putti in a Landscape - Detail 1",,,,,,"img/derivatives/simple/602/fullwidth.jpg","img/derivatives/simple/602/thumbnail.jpg",,"curatorial_files"
603,"3364","Normal Light Images","Detail",,"Mary with Christ, John and Putti in a Landscape - Detail 2",,,,,,"img/derivatives/simple/603/fullwidth.jpg","img/derivatives/simple/603/thumbnail.jpg",,"curatorial_files"
604,"3364","Normal Light Images","Detail",,"Mary with Christ, John and Putti in a Landscape - Detail 3",,,,,,"img/derivatives/simple/604/fullwidth.jpg","img/derivatives/simple/604/thumbnail.jpg",,"curatorial_files"
605,"3378","Normal Light Images","Extra Image",,"Mountain Landscape with a Hermit Reading in front of Ruins (St. Anthony) - Extra 1",,,,,,"img/derivatives/simple/605/fullwidth.jpg","img/derivatives/simple/605/thumbnail.jpg",,"curatorial_files"
606,"3400","Normal Light Images","Detail",,"Orpheus Sings for Pluto and Proserpina (London) - Detail 1",,,,,,"img/derivatives/simple/606/fullwidth.jpg","img/derivatives/simple/606/thumbnail.jpg",,"curatorial_files"
607,"3400","Normal Light Images","Detail",,"Orpheus Sings for Pluto and Proserpina (London) - Detail 2",,,,,,"img/derivatives/simple/607/fullwidth.jpg","img/derivatives/simple/607/thumbnail.jpg",,"curatorial_files"
608,"3400","Normal Light Images","Detail",,"Orpheus Sings for Pluto and Proserpina (London) - Detail 3",,,,,,"img/derivatives/simple/608/fullwidth.jpg","img/derivatives/simple/608/thumbnail.jpg",,"curatorial_files"
609,"3400","Normal Light Images","Detail",,"Orpheus Sings for Pluto and Proserpina (London) - Detail 4",,,,,,"img/derivatives/simple/609/fullwidth.jpg","img/derivatives/simple/609/thumbnail.jpg",,"curatorial_files"
610,"3444","Normal Light Images","Detail",,"Preaching of John the Baptist (Munich) - Detail 1",,,,,,"img/derivatives/simple/610/fullwidth.jpg","img/derivatives/simple/610/thumbnail.jpg",,"curatorial_files"
611,"3444","Normal Light Images","Detail",,"Preaching of John the Baptist (Munich) - Detail 2",,,,,,"img/derivatives/simple/611/fullwidth.jpg","img/derivatives/simple/611/thumbnail.jpg",,"curatorial_files"
612,"3444","Normal Light Images","Detail",,"Preaching of John the Baptist (Munich) - Detail 3",,,,,,"img/derivatives/simple/612/fullwidth.jpg","img/derivatives/simple/612/thumbnail.jpg",,"curatorial_files"
613,"3491","Normal Light Images","Detail",,"River Landscape with Travelers on a Road (Munich) - Detail 1",,,,,,"img/derivatives/simple/613/fullwidth.jpg","img/derivatives/simple/613/thumbnail.jpg",,"curatorial_files"
614,"3498","Normal Light Images","Detail",,"Riverside Village with Landing Stage - Detail 1",,,,,,"img/derivatives/simple/614/fullwidth.jpg","img/derivatives/simple/614/thumbnail.jpg",,"curatorial_files"
615,"3498","Normal Light Images","Detail",,"Riverside Village with Landing Stage - Detail 2",,,,,,"img/derivatives/simple/615/fullwidth.jpg","img/derivatives/simple/615/thumbnail.jpg",,"curatorial_files"
616,"3498","Normal Light Images","Detail",,"Riverside Village with Landing Stage - Detail 3",,,,,,"img/derivatives/simple/616/fullwidth.jpg","img/derivatives/simple/616/thumbnail.jpg",,"curatorial_files"
617,"3506","Normal Light Images","Extra Image",,"Road through a Wood - Extra 1",,,,,,"img/derivatives/simple/617/fullwidth.jpg","img/derivatives/simple/617/thumbnail.jpg",,"curatorial_files"
618,"3506","Normal Light Images","Detail",,"Road through a Wood - Detail 1",,,,,,"img/derivatives/simple/618/fullwidth.jpg","img/derivatives/simple/618/thumbnail.jpg",,"curatorial_files"
619,"3517","Normal Light Images","Detail",,"Roadway by a Stream - Detail 1",,,,,,"img/derivatives/simple/619/fullwidth.jpg","img/derivatives/simple/619/thumbnail.jpg",,"curatorial_files"
620,"3517","Normal Light Images","Detail",,"Roadway by a Stream - Detail 2",,,,,,"img/derivatives/simple/620/fullwidth.jpg","img/derivatives/simple/620/thumbnail.jpg",,"curatorial_files"
621,"3528","Normal Light Images","Detail",,"Roman Carnival: Allegory of Winter - Detail 1",,,,,,"img/derivatives/simple/621/fullwidth.jpg","img/derivatives/simple/621/thumbnail.jpg",,"curatorial_files"
622,"3542","Normal Light Images","Detail",,"Sea Harbor with Preaching of Christ (Munich) - Detail 1",,,,,,"img/derivatives/simple/622/fullwidth.jpg","img/derivatives/simple/622/thumbnail.jpg",,"curatorial_files"
623,"3542","Normal Light Images","Detail",,"Sea Harbor with Preaching of Christ (Munich) - Detail 2",,,,,,"img/derivatives/simple/623/fullwidth.jpg","img/derivatives/simple/623/thumbnail.jpg",,"curatorial_files"
624,"3542","Normal Light Images","Detail",,"Sea Harbor with Preaching of Christ (Munich) - Detail 3",,,,,,"img/derivatives/simple/624/fullwidth.jpg","img/derivatives/simple/624/thumbnail.jpg",,"curatorial_files"
625,"3542","Normal Light Images","Detail",,"Sea Harbor with Preaching of Christ (Munich) - Detail 4",,,,,,"img/derivatives/simple/625/fullwidth.jpg","img/derivatives/simple/625/thumbnail.jpg",,"curatorial_files"
626,"3555","Normal Light Images","Detail",,"Sloth: Laborers Asleep in the Fields - Detail 1",,,,,,"img/derivatives/simple/626/fullwidth.jpg","img/derivatives/simple/626/thumbnail.jpg",,"curatorial_files"
627,"3555","Normal Light Images","Detail",,"Sloth: Laborers Asleep in the Fields - Detail 2",,,,,,"img/derivatives/simple/627/fullwidth.jpg","img/derivatives/simple/627/thumbnail.jpg",,"curatorial_files"
628,"3850","Normal Light Images","Detail",,"Storm at Sea with Shipwreck - Detail 1",,,,,,"img/derivatives/simple/628/fullwidth.jpg","img/derivatives/simple/628/thumbnail.jpg",,"curatorial_files"
629,"3850","Normal Light Images","Detail",,"Storm at Sea with Shipwreck - Detail 2",,,,,,"img/derivatives/simple/629/fullwidth.jpg","img/derivatives/simple/629/thumbnail.jpg",,"curatorial_files"
630,"3850","Normal Light Images","Detail",,"Storm at Sea with Shipwreck - Detail 3",,,,,,"img/derivatives/simple/630/fullwidth.jpg","img/derivatives/simple/630/thumbnail.jpg",,"curatorial_files"
631,"3850","Normal Light Images","Detail",,"Storm at Sea with Shipwreck - Detail 4",,,,,,"img/derivatives/simple/631/fullwidth.jpg","img/derivatives/simple/631/thumbnail.jpg",,"curatorial_files"
632,"3577","Normal Light Images","Reverse","Verso: “Light Sketch of Two Figures and a Man on Horseback”","Verso of ""Studies of Figures, Two Dogs and a Fish.""",,,,,,"img/derivatives/simple/632/fullwidth.jpg","img/derivatives/simple/632/thumbnail.jpg",,"curatorial_files"
633,"3585","Written Documents","Catalog Card","Catalog Card from Museum Plantin-Moretus","Study of Three Seated Figures - Catalog Card from Museum Plantin-Moretus",,,,,,"img/derivatives/simple/633/fullwidth.jpg","img/derivatives/simple/633/thumbnail.jpg",,"curatorial_files"
635,"3604","Normal Light Images","Detail",,"Temptation of St. Anthony (Munich) - Detail 1",,,,,,"img/derivatives/simple/635/fullwidth.jpg","img/derivatives/simple/635/thumbnail.jpg",,"curatorial_files"
636,"3604","Normal Light Images","Detail",,"Temptation of St. Anthony (Munich) - Detail 2",,,,,,"img/derivatives/simple/636/fullwidth.jpg","img/derivatives/simple/636/thumbnail.jpg",,"curatorial_files"
637,"3619","Normal Light Images","Detail",,"The Continence of Scipio - Detail 1",,,,,,"img/derivatives/simple/637/fullwidth.jpg","img/derivatives/simple/637/thumbnail.jpg",,"curatorial_files"
638,"3619","Normal Light Images","Detail",,"The Continence of Scipio - Detail 2",,,,,,"img/derivatives/simple/638/fullwidth.jpg","img/derivatives/simple/638/thumbnail.jpg",,"curatorial_files"
639,"3619","Normal Light Images","Detail",,"The Continence of Scipio - Detail 3",,,,,,"img/derivatives/simple/639/fullwidth.jpg","img/derivatives/simple/639/thumbnail.jpg",,"curatorial_files"
640,"3619","Normal Light Images","Related Materials","(Possibly) Related drawing","(Possibly) Related drawing",,,,,,"img/derivatives/simple/640/fullwidth.jpg","img/derivatives/simple/640/thumbnail.jpg",,"curatorial_files"
641,"3632","Normal Light Images","Detail",,"The Prophecy of Isaiah (Munich) - Detail 1",,,,,,"img/derivatives/simple/641/fullwidth.jpg","img/derivatives/simple/641/thumbnail.jpg",,"curatorial_files"
642,"3632","Normal Light Images","Detail",,"The Prophecy of Isaiah (Munich) - Detail 2",,,,,,"img/derivatives/simple/642/fullwidth.jpg","img/derivatives/simple/642/thumbnail.jpg",,"curatorial_files"
643,"3633","Normal Light Images","Detail",,"The Raid (Aschaffenburg) - Detail 1",,,,,,"img/derivatives/simple/643/fullwidth.jpg","img/derivatives/simple/643/thumbnail.jpg",,"curatorial_files"
644,"3633","Normal Light Images","Detail",,"The Raid (Aschaffenburg) - Detail 2",,,,,,"img/derivatives/simple/644/fullwidth.jpg","img/derivatives/simple/644/thumbnail.jpg",,"curatorial_files"
645,"3633","Normal Light Images","Detail",,"The Raid (Aschaffenburg) - Detail 3",,,,,,"img/derivatives/simple/645/fullwidth.jpg","img/derivatives/simple/645/thumbnail.jpg",,"curatorial_files"
646,"3633","Normal Light Images","Detail",,"The Raid (Aschaffenburg) - Detail 4",,,,,,"img/derivatives/simple/646/fullwidth.jpg","img/derivatives/simple/646/thumbnail.jpg",,"curatorial_files"
647,"3672","Normal Light Images","Detail","Contour lines around van Balen's figures","Triumph of Bacchus - Detail 1",,,,,,"img/derivatives/simple/647/fullwidth.jpg","img/derivatives/simple/647/thumbnail.jpg",,"curatorial_files"
648,"3672","Normal Light Images","Detail",,"Triumph of Bacchus - Detail 2",,,,,,"img/derivatives/simple/648/fullwidth.jpg","img/derivatives/simple/648/thumbnail.jpg",,"curatorial_files"
649,"3672","Normal Light Images","Detail",,"Triumph of Bacchus - Detail 3",,,,,,"img/derivatives/simple/649/fullwidth.jpg","img/derivatives/simple/649/thumbnail.jpg",,"curatorial_files"
650,"3685","Normal Light Images","Detail",,"Venus and Mars - Detail 1",,,,,,"img/derivatives/simple/650/fullwidth.jpg","img/derivatives/simple/650/thumbnail.jpg",,"curatorial_files"
651,"3866","Normal Light Images","Detail",,"View over a Broad River Valley with Gypsies - Detail 1",,,,,,"img/derivatives/simple/651/fullwidth.jpg","img/derivatives/simple/651/thumbnail.jpg",,"curatorial_files"
652,"3866","Normal Light Images","Detail",,"View over a Broad River Valley with Gypsies - Detail 2",,,,,,"img/derivatives/simple/652/fullwidth.jpg","img/derivatives/simple/652/thumbnail.jpg",,"curatorial_files"
653,"3866","Normal Light Images","Detail",,"View over a Broad River Valley with Gypsies - Detail 3",,,,,,"img/derivatives/simple/653/fullwidth.jpg","img/derivatives/simple/653/thumbnail.jpg",,"curatorial_files"
654,"3706","Written Documents","Catalog Card","Catalog Card from Museum Plantin-Moretus","Village Alongside a River - Catalog Card from Museum Plantin-Moretus",,,,,,"img/derivatives/simple/654/fullwidth.jpg","img/derivatives/simple/654/thumbnail.jpg",,"curatorial_files"
655,"3869","Normal Light Images","Detail",,"Village Landscape with Dancers, Ballad Singers, and Possible Self Portrait - Detail 1",,,,,,"img/derivatives/simple/655/fullwidth.jpg","img/derivatives/simple/655/thumbnail.jpg",,"curatorial_files"
656,"3869","Normal Light Images","Detail",,"Village Landscape with Dancers, Ballad Singers, and Possible Self Portrait - Detail 2",,,,,,"img/derivatives/simple/656/fullwidth.jpg","img/derivatives/simple/656/thumbnail.jpg",,"curatorial_files"
657,"3869","Normal Light Images","Detail",,"Village Landscape with Dancers, Ballad Singers, and Possible Self Portrait - Detail 3",,,,,,"img/derivatives/simple/657/fullwidth.jpg","img/derivatives/simple/657/thumbnail.jpg",,"curatorial_files"
658,"3869","Normal Light Images","Detail",,"Village Landscape with Dancers, Ballad Singers, and Possible Self Portrait - Detail 4",,,,,,"img/derivatives/simple/658/fullwidth.jpg","img/derivatives/simple/658/thumbnail.jpg",,"curatorial_files"
659,"3869","Normal Light Images","Detail",,"Village Landscape with Dancers, Ballad Singers, and Possible Self Portrait - Detail 5",,,,,,"img/derivatives/simple/659/fullwidth.jpg","img/derivatives/simple/659/thumbnail.jpg",,"curatorial_files"
660,"3725","Written Documents","Catalog Card","Catalog Card from Museum Plantin-Moretus","Village Square - Catalog Card from Museum Plantin-Moretus",,,,,,"img/derivatives/simple/660/fullwidth.jpg","img/derivatives/simple/660/thumbnail.jpg",,"curatorial_files"
661,"3726","Normal Light Images","Detail",,"Village Street - Detail 1",,,,,,"img/derivatives/simple/661/fullwidth.jpg","img/derivatives/simple/661/thumbnail.jpg",,"curatorial_files"
662,"3726","Normal Light Images","Detail",,"Village Street - Detail 2",,,,,,"img/derivatives/simple/662/fullwidth.jpg","img/derivatives/simple/662/thumbnail.jpg",,"curatorial_files"
663,"3757","Normal Light Images","Detail",,"Wide Landscape with Wagons - Detail 1",,,,,,"img/derivatives/simple/663/fullwidth.jpg","img/derivatives/simple/663/thumbnail.jpg",,"curatorial_files"
664,"3757","Normal Light Images","Detail",,"Wide Landscape with Wagons - Detail 2",,,,,,"img/derivatives/simple/664/fullwidth.jpg","img/derivatives/simple/664/thumbnail.jpg",,"curatorial_files"
665,"3757","Normal Light Images","Detail",,"Wide Landscape with Wagons - Detail 3",,,,,,"img/derivatives/simple/665/fullwidth.jpg","img/derivatives/simple/665/thumbnail.jpg",,"curatorial_files"
666,"3766","Normal Light Images","Detail",,"Windmill in a River Landscape - Detail 1",,,,,,"img/derivatives/simple/666/fullwidth.jpg","img/derivatives/simple/666/thumbnail.jpg",,"curatorial_files"
667,"3766","Normal Light Images","Detail",,"Windmill in a River Landscape - Detail 2",,,,,,"img/derivatives/simple/667/fullwidth.jpg","img/derivatives/simple/667/thumbnail.jpg",,"curatorial_files"
668,"3766","Normal Light Images","Detail",,"Windmill in a River Landscape - Detail 3",,,,,,"img/derivatives/simple/668/fullwidth.jpg","img/derivatives/simple/668/thumbnail.jpg",,"curatorial_files"
670,"3777","Normal Light Images","Framed Image",,"Wooded Landscape with Duck Hunter - Framed",,,,,,"img/derivatives/simple/670/fullwidth.jpg","img/derivatives/simple/670/thumbnail.jpg",,"curatorial_files"
671,"3777","Normal Light Images","Detail",,"Wooded Landscape with Duck Hunter - Detail 1",,,,,,"img/derivatives/simple/671/fullwidth.jpg","img/derivatives/simple/671/thumbnail.jpg",,"curatorial_files"
672,"3781","Written Documents","Catalog Card","Catalog Card from Museum Plantin-Moretus","Wooded Landscape with Wagon - Catalog Card from Museum Plantin-Moretus",,,,,,"img/derivatives/simple/672/fullwidth.jpg","img/derivatives/simple/672/thumbnail.jpg",,"curatorial_files"
673,"3783","Normal Light Images","Detail",,"Woodland Landscape with Travelers on a Path - Detail 1",,,,,,"img/derivatives/simple/673/fullwidth.jpg","img/derivatives/simple/673/thumbnail.jpg",,"curatorial_files"
674,"3783","Normal Light Images","Detail",,"Woodland Landscape with Travelers on a Path - Detail 2",,,,,,"img/derivatives/simple/674/fullwidth.jpg","img/derivatives/simple/674/thumbnail.jpg",,"curatorial_files"
675,"3783","Normal Light Images","Detail",,"Woodland Landscape with Travelers on a Path - Detail 3",,,,,,"img/derivatives/simple/675/fullwidth.jpg","img/derivatives/simple/675/thumbnail.jpg",,"curatorial_files"
676,"3783","Normal Light Images","Detail",,"Woodland Landscape with Travelers on a Path - Detail 4",,,,,,"img/derivatives/simple/676/fullwidth.jpg","img/derivatives/simple/676/thumbnail.jpg",,"curatorial_files"
678,"3157","Normal Light Images","Related Materials","Flower Chart","Flower Chart",,,,,,"img/derivatives/simple/678/fullwidth.jpg","img/derivatives/simple/678/thumbnail.jpg",,"curatorial_files"
682,"3780","Normal Light Images","Extra Image","Black and white image","Black and white",,,,,,"img/derivatives/simple/682/fullwidth.jpg","img/derivatives/simple/682/thumbnail.jpg",,"curatorial_files"
683,"3518","Normal Light Images","Detail","From the RKD",,,,,,,"img/derivatives/simple/683/fullwidth.jpg","img/derivatives/simple/683/thumbnail.jpg",,"curatorial_files"
734,"5550","Normal Light Images","Framed Image",,"Framed",,,,,,"img/derivatives/simple/734/fullwidth.jpg","img/derivatives/simple/734/thumbnail.jpg",,"curatorial_files"
735,"5550","Normal Light Images","Reverse",,"Reverse",,,,,,"img/derivatives/simple/735/fullwidth.jpg","img/derivatives/simple/735/thumbnail.jpg",,"curatorial_files"
736,"3004","Normal Light Images","Framed Image",,"Framed",,,,,,"img/derivatives/simple/736/fullwidth.jpg","img/derivatives/simple/736/thumbnail.jpg",,"curatorial_files"
768,"3048","Normal Light Images","Extra Image",,,,,,,,"img/derivatives/simple/768/fullwidth.jpg","img/derivatives/simple/768/thumbnail.jpg",,"curatorial_files"
6530,"9648","Normal Light Images","Extra Image","Black and white image","Black and white image",,,,,,"img/derivatives/simple/6530/fullwidth.jpg","img/derivatives/simple/6530/thumbnail.jpg",,"curatorial_files"
6531,"9708","Normal Light Images","Reverse","Verso: “Studies of Foliage with Fruits and Berries”","Verso of ""Study of a Tree Trunk and Foliage""",,,,,,"img/derivatives/simple/6531/fullwidth.jpg","img/derivatives/simple/6531/thumbnail.jpg",,"curatorial_files"
7272,"9723","Normal Light Images","Extra Image",,,,,,,,"img/derivatives/simple/7272/fullwidth.jpg","img/derivatives/simple/7272/thumbnail.jpg",,"curatorial_files"
7273,"2945","Normal Light Images","Extra Image",,,,,,,,"img/derivatives/simple/7273/fullwidth.jpg","img/derivatives/simple/7273/thumbnail.jpg",,"curatorial_files"
7274,"9787","Normal Light Images","Extra Image",,,,,,,,"img/derivatives/simple/7274/fullwidth.jpg","img/derivatives/simple/7274/thumbnail.jpg",,"curatorial_files"
7275,"2979","Normal Light Images","Extra Image",,"Extra image",,,,,,"img/derivatives/simple/7275/fullwidth.jpg","img/derivatives/simple/7275/thumbnail.jpg",,"curatorial_files"
7276,"3257","Normal Light Images","Detail","Harbor Scene Watermark",,,,,,,"img/derivatives/simple/7276/fullwidth.jpg","img/derivatives/simple/7276/thumbnail.jpg",,"curatorial_files"
7277,"9813","Normal Light Images","Extra Image",,,,,,,,"img/derivatives/simple/7277/fullwidth.jpg","img/derivatives/simple/7277/thumbnail.jpg",,"curatorial_files"
7278,"9809","Normal Light Images","Extra Image",,,,,,,,"img/derivatives/simple/7278/fullwidth.jpg","img/derivatives/simple/7278/thumbnail.jpg",,"curatorial_files"
7279,"9824","Normal Light Images","Extra Image",,,,,,,,"img/derivatives/simple/7279/fullwidth.jpg","img/derivatives/simple/7279/thumbnail.jpg",,"curatorial_files"
7280,"9687","Normal Light Images","Extra Image",,,,,,,,"img/derivatives/simple/7280/fullwidth.jpg","img/derivatives/simple/7280/thumbnail.jpg",,"curatorial_files"
7281,"9687","Normal Light Images","Extra Image",,,,,,,,"img/derivatives/simple/7281/fullwidth.jpg","img/derivatives/simple/7281/thumbnail.jpg",,"curatorial_files"
7282,"9742","Normal Light Images","Extra Image",,,,,,,,"img/derivatives/simple/7282/fullwidth.jpg","img/derivatives/simple/7282/thumbnail.jpg",,"curatorial_files"
7283,"9669","Normal Light Images","Extra Image",,,,,,,,"img/derivatives/simple/7283/fullwidth.jpg","img/derivatives/simple/7283/thumbnail.jpg",,"curatorial_files"
7284,"9724","Normal Light Images","Extra Image",,,,,,,,"img/derivatives/simple/7284/fullwidth.jpg","img/derivatives/simple/7284/thumbnail.jpg",,"curatorial_files"
7285,"3550","Normal Light Images","Extra Image",,,,,,,,"img/derivatives/simple/7285/fullwidth.jpg","img/derivatives/simple/7285/thumbnail.jpg",,"curatorial_files"
7286,"9696","Normal Light Images","Reverse",,,,,,,,"img/derivatives/simple/7286/fullwidth.jpg","img/derivatives/simple/7286/thumbnail.jpg",,"curatorial_files"
7287,"9633","Normal Light Images","Extra Image",,,,,,,,"img/derivatives/simple/7287/fullwidth.jpg","img/derivatives/simple/7287/thumbnail.jpg",,"curatorial_files"
7288,"9820","Normal Light Images","Reverse",,,,,,,,"img/derivatives/simple/7288/fullwidth.jpg","img/derivatives/simple/7288/thumbnail.jpg",,"curatorial_files"
7289,"3592","Normal Light Images","Extra Image",,,,,,,,"img/derivatives/simple/7289/fullwidth.jpg","img/derivatives/simple/7289/thumbnail.jpg",,"curatorial_files"
7290,"9825","Normal Light Images","Extra Image",,,,,,,,"img/derivatives/simple/7290/fullwidth.jpg","img/derivatives/simple/7290/thumbnail.jpg",,"curatorial_files"
7291,"9759","Normal Light Images","Extra Image",,,,,,,,"img/derivatives/simple/7291/fullwidth.jpg","img/derivatives/simple/7291/thumbnail.jpg",,"curatorial_files"
7292,"9818","Normal Light Images","Extra Image",,,,,,,,"img/derivatives/simple/7292/fullwidth.jpg","img/derivatives/simple/7292/thumbnail.jpg",,"curatorial_files"
7293,"3741","Normal Light Images","Extra Image",,,,,,,,"img/derivatives/simple/7293/fullwidth.jpg","img/derivatives/simple/7293/thumbnail.jpg",,"curatorial_files"
7295,"9695","Normal Light Images","Reverse",,,,,,,,"img/derivatives/simple/7295/fullwidth.jpg","img/derivatives/simple/7295/thumbnail.jpg",,"curatorial_files"
7296,"3767","Normal Light Images","Extra Image",,,,,,,,"img/derivatives/simple/7296/fullwidth.jpg","img/derivatives/simple/7296/thumbnail.jpg",,"curatorial_files"
7297,"3767","Normal Light Images","Extra Image",,,,,,,,"img/derivatives/simple/7297/fullwidth.jpg","img/derivatives/simple/7297/thumbnail.jpg",,"curatorial_files"
7298,"9637","Normal Light Images","Extra Image",,,,,,,,"img/derivatives/simple/7298/fullwidth.jpg","img/derivatives/simple/7298/thumbnail.jpg",,"curatorial_files"
7299,"9637","Normal Light Images","Extra Image",,,,,,,,"img/derivatives/simple/7299/fullwidth.jpg","img/derivatives/simple/7299/thumbnail.jpg",,"curatorial_files"
7300,"9691","Normal Light Images","Extra Image",,,,,,,,"img/derivatives/simple/7300/fullwidth.jpg","img/derivatives/simple/7300/thumbnail.jpg",,"curatorial_files"
7309,"9804","Normal Light Images","Extra Image",,,,,,,,"img/derivatives/simple/7309/fullwidth.jpg","img/derivatives/simple/7309/thumbnail.jpg",,"curatorial_files"
7321,"3394","Normal Light Images","Extra Image",,,,,,,,"img/derivatives/simple/7321/fullwidth.jpg","img/derivatives/simple/7321/thumbnail.jpg",,"curatorial_files"
7330,"9646","Normal Light Images","Extra Image","Black and white image","Black and white",,,,,,"img/derivatives/simple/7330/fullwidth.jpg","img/derivatives/simple/7330/thumbnail.jpg",,"curatorial_files"
7331,"3110","Normal Light Images","Extra Image","Black and white image","Black and white",,,,,,"img/derivatives/simple/7331/fullwidth.jpg","img/derivatives/simple/7331/thumbnail.jpg",,"curatorial_files"
7332,"3589","Normal Light Images","Extra Image",,,,,,,,"img/derivatives/simple/7332/fullwidth.jpg","img/derivatives/simple/7332/thumbnail.jpg",,"curatorial_files"
7333,"9802","Normal Light Images","Extra Image","From Sotheby's",,,,,,,"img/derivatives/simple/7333/fullwidth.jpg","img/derivatives/simple/7333/thumbnail.jpg",,"curatorial_files"
7334,"3689","Normal Light Images","Extra Image",,,,,,,,"img/derivatives/simple/7334/fullwidth.jpg","img/derivatives/simple/7334/thumbnail.jpg",,"curatorial_files"
7349,"2971","Normal Light Images","Framed Image",,"Battle of the Amazons - Framed",,,,,,"img/derivatives/simple/7349/fullwidth.jpg","img/derivatives/simple/7349/thumbnail.jpg",,"curatorial_files"
7350,"2971","Normal Light Images","Detail",,"Battle of the Amazons - Detail 1",,,,,,"img/derivatives/simple/7350/fullwidth.jpg","img/derivatives/simple/7350/thumbnail.jpg",,"curatorial_files"
7351,"2971","Normal Light Images","Detail",,"Battle of the Amazons - Detail 2",,,,,,"img/derivatives/simple/7351/fullwidth.jpg","img/derivatives/simple/7351/thumbnail.jpg",,"curatorial_files"
7352,"2971","Normal Light Images","Detail",,"Battle of the Amazons - Detail 3",,,,,,"img/derivatives/simple/7352/fullwidth.jpg","img/derivatives/simple/7352/thumbnail.jpg",,"curatorial_files"
7353,"2971","Normal Light Images","Detail",,"Battle of the Amazons - Detail 4",,,,,,"img/derivatives/simple/7353/fullwidth.jpg","img/derivatives/simple/7353/thumbnail.jpg",,"curatorial_files"
7354,"3402","Normal Light Images","Framed Image",,,,,,,,"img/derivatives/simple/7354/fullwidth.jpg","img/derivatives/simple/7354/thumbnail.jpg",,"curatorial_files"
8206,"10199","Normal Light Images","Detail",,"Travelers in a Mountain Landscape - Detail",,,,,,"img/derivatives/simple/8206/fullwidth.jpg","img/derivatives/simple/8206/thumbnail.jpg",,"curatorial_files"
8207,"10193","Normal Light Images","Detail",,"Passage in the High Mountains - Detail",,,,,,"img/derivatives/simple/8207/fullwidth.jpg","img/derivatives/simple/8207/thumbnail.jpg",,"curatorial_files"
10119,"3014","Normal Light Images","Detail",,"Calvary (Munich) - Detail 2",,,,,,"img/derivatives/simple/10119/fullwidth.jpg","img/derivatives/simple/10119/thumbnail.jpg",,"curatorial_files"
10211,"3284",,,,,,,,,,"img/derivatives/simple/10211/fullwidth.jpg","img/derivatives/simple/10211/thumbnail.jpg",,"curatorial_files"
