"pid","object_pid","file_type","file_description","original_format","research_date","researchers","equipment_used","file_location","file_notes","collection","thumbnail","fullwidth","order","original_file_name"
415,3038,"Written Documents","A Coach on a Country Road - Catalog Card from Museum Plantin-Moretus",,,,,,,"curatorial_files","img/derivatives/simple/415/thumbnail.jpg","img/derivatives/simple/415/fullwidth.jpg",,"A_Coach_on_a_Country_Road_Card.jpg"
418,2879,"Normal Light Images›Details","Adoration of the Magi (England) - Detail 1",,,,,,,"curatorial_files","img/derivatives/simple/418/thumbnail.jpg","img/derivatives/simple/418/fullwidth.jpg",,"Adoration_of_the_Magi_(England)_detail_1.jpg"
419,2879,"Normal Light Images›Details","Adoration of the Magi (England) - Detail 2",,,,,,,"curatorial_files","img/derivatives/simple/419/thumbnail.jpg","img/derivatives/simple/419/fullwidth.jpg",,"Adoration_of_the_Magi_(England)_detail_2.jpg"
420,2879,"Normal Light Images›Details","Adoration of the Magi (England) - Detail 3",,,,,,,"curatorial_files","img/derivatives/simple/420/thumbnail.jpg","img/derivatives/simple/420/fullwidth.jpg",,"Adoration_of_the_Magi_(England)_detail_3.jpg"
421,2879,"Normal Light Images›Details","Adoration of the Magi (England) - Detail 4",,,,,,,"curatorial_files","img/derivatives/simple/421/thumbnail.jpg","img/derivatives/simple/421/fullwidth.jpg",,"Adoration_of_the_Magi_(England)_detail_4.jpg"
422,2879,"Normal Light Images›Details","Adoration of the Magi (England) - Detail 5",,,,,,,"curatorial_files","img/derivatives/simple/422/thumbnail.jpg","img/derivatives/simple/422/fullwidth.jpg",,"Adoration_of_the_Magi_(England)_detail_5.jpg"
423,2879,"Normal Light Images›Details","Adoration of the Magi (England) - Detail 6",,,,,,,"curatorial_files","img/derivatives/simple/423/thumbnail.jpg","img/derivatives/simple/423/fullwidth.jpg",,"Adoration_of_the_Magi_(England)_detail_6.jpg"
424,2884,"Normal Light Images›Details","Aeneas Carrying Anchises from the Burning Troy (Amsterdam) - Detail 1",,,,,,,"curatorial_files","img/derivatives/simple/424/thumbnail.jpg","img/derivatives/simple/424/fullwidth.jpg",,"Aeneas_Carrying_Anchises_from_the_Burning_Troy_(Amsterdam)_detail_1.jpg"
425,2884,"Normal Light Images›Details","Aeneas Carrying Anchises from the Burning Troy (Amsterdam) - Detail 2",,,,,,,"curatorial_files","img/derivatives/simple/425/thumbnail.jpg","img/derivatives/simple/425/fullwidth.jpg",,"Aeneas_Carrying_Anchises_from_the_Burning_Troy_(Amsterdam)_detail_2.jpg"
426,2884,"Normal Light Images›Details","Aeneas Carrying Anchises from the Burning Troy (Amsterdam) - Detail 3",,,,,,,"curatorial_files","img/derivatives/simple/426/thumbnail.jpg","img/derivatives/simple/426/fullwidth.jpg",,"Aeneas_Carrying_Anchises_from_the_Burning_Troy_(Amsterdam)_detail_3.jpg"
427,2890,"Normal Light Images›Details","Aeneas and Sibyl in the Underworld (Amsterdam) - Detail 1",,,,,,,"curatorial_files","img/derivatives/simple/427/thumbnail.jpg","img/derivatives/simple/427/fullwidth.jpg",,"Aeneas_and_Sibyl_in_the_Underworld_(Amsterdam)_detail_1.jpg"
428,2890,"Normal Light Images›Details","Aeneas and Sibyl in the Underworld (Amsterdam) - Detail 2",,,,,,,"curatorial_files","img/derivatives/simple/428/thumbnail.jpg","img/derivatives/simple/428/fullwidth.jpg",,"Aeneas_and_Sibyl_in_the_Underworld_(Amsterdam)_detail_2.jpg"
429,2890,"Normal Light Images›Details","Aeneas and Sibyl in the Underworld (Amsterdam) - Detail 3",,,,,,,"curatorial_files","img/derivatives/simple/429/thumbnail.jpg","img/derivatives/simple/429/fullwidth.jpg",,"Aeneas_and_Sibyl_in_the_Underworld_(Amsterdam)_detail_3.jpg"
430,2897,"Normal Light Images›Details","Albert and Isabella before Mariemont Castle - Detail 1",,,,,,,"curatorial_files","img/derivatives/simple/430/thumbnail.jpg","img/derivatives/simple/430/fullwidth.jpg",,"Albert_and_Isabella_before_Mariemont_Castle_detail_1.jpg"
431,2897,"Normal Light Images›Details","Albert and Isabella before Mariemont Castle - Detail 2",,,,,,,"curatorial_files","img/derivatives/simple/431/thumbnail.jpg","img/derivatives/simple/431/fullwidth.jpg",,"Albert_and_Isabella_before_Mariemont_Castle_detail_2.jpg"
432,2907,"Normal Light Images›Details","Allegory of Autumn (Neuburg an der Donau) - Detail 1",,,,,,,"curatorial_files","img/derivatives/simple/432/thumbnail.jpg","img/derivatives/simple/432/fullwidth.jpg",,"Allegory_of_Autumn_(Neuburg_an_der_Donau)_detail_1.jpg"
433,3794,"Normal Light Images›Details","Allegory of Earth (Lyon) - Detail 1",,,,,,,"curatorial_files","img/derivatives/simple/433/thumbnail.jpg","img/derivatives/simple/433/fullwidth.jpg",,"Allegory_of_Earth_(Lyon)_detail_1.jpg"
434,3794,"Normal Light Images›Details","Allegory of Earth (Lyon) - Detail 2",,,,,,,"curatorial_files","img/derivatives/simple/434/thumbnail.jpg","img/derivatives/simple/434/fullwidth.jpg",,"Allegory_of_Earth_(Lyon)_detail_2.jpg"
435,3794,"Normal Light Images›Details","Allegory of Earth (Lyon) - Detail 3",,,,,,,"curatorial_files","img/derivatives/simple/435/thumbnail.jpg","img/derivatives/simple/435/fullwidth.jpg",,"Allegory_of_Earth_(Lyon)_detail_3.jpg"
436,3794,"Normal Light Images›Details","Allegory of Earth (Lyon) - Detail 4",,,,,,,"curatorial_files","img/derivatives/simple/436/thumbnail.jpg","img/derivatives/simple/436/fullwidth.jpg",,"Allegory_of_Earth_(Lyon)_detail_4.jpg"
437,3794,"Normal Light Images›Details","Allegory of Earth (Lyon) - Detail 5",,,,,,,"curatorial_files","img/derivatives/simple/437/thumbnail.jpg","img/derivatives/simple/437/fullwidth.jpg",,"Allegory_of_Earth_(Lyon)_detail_5.jpg"
438,3794,"Normal Light Images›Details","Allegory of Earth (Lyon) - Detail 6",,,,,,,"curatorial_files","img/derivatives/simple/438/thumbnail.jpg","img/derivatives/simple/438/fullwidth.jpg",,"Allegory_of_Earth_(Lyon)_detail_6.jpg"
439,2921,"Normal Light Images›Details","Allegory of Love - Detail 1",,,,,,,"curatorial_files","img/derivatives/simple/439/thumbnail.jpg","img/derivatives/simple/439/fullwidth.jpg",,"Allegory_of_Love_detail_1.jpg"
440,2921,"Normal Light Images›Details","Allegory of Love - Detail 2",,,,,,,"curatorial_files","img/derivatives/simple/440/thumbnail.jpg","img/derivatives/simple/440/fullwidth.jpg",,"Allegory_of_Love_detail_2.jpg"
441,2921,"Normal Light Images›Details","Allegory of Love - Detail 3",,,,,,,"curatorial_files","img/derivatives/simple/441/thumbnail.jpg","img/derivatives/simple/441/fullwidth.jpg",,"Allegory_of_Love_detail_3.jpg"
442,2921,"Normal Light Images›Details","Allegory of Love - Detail 4",,,,,,,"curatorial_files","img/derivatives/simple/442/thumbnail.jpg","img/derivatives/simple/442/fullwidth.jpg",,"Allegory_of_Love_detail_4.jpg"
443,2921,"Normal Light Images›Details","Allegory of Love - Detail 5",,,,,,,"curatorial_files","img/derivatives/simple/443/thumbnail.jpg","img/derivatives/simple/443/fullwidth.jpg",,"Allegory_of_Love_detail_5.jpg"
444,2921,"Normal Light Images›Details","Allegory of Love - Detail 6",,,,,,,"curatorial_files","img/derivatives/simple/444/thumbnail.jpg","img/derivatives/simple/444/fullwidth.jpg",,"Allegory_of_Love_detail_6.jpg"
445,2921,"Normal Light Images›Details","Allegory of Love - Detail 7",,,,,,,"curatorial_files","img/derivatives/simple/445/thumbnail.jpg","img/derivatives/simple/445/fullwidth.jpg",,"Allegory_of_Love_detail_7.jpg"
446,2921,"Normal Light Images›Details","Allegory of Love - Detail 8",,,,,,,"curatorial_files","img/derivatives/simple/446/thumbnail.jpg","img/derivatives/simple/446/fullwidth.jpg",,"Allegory_of_Love_detail_8.jpg"
447,2924,"Normal Light Images›Framed","Allegory of Sight and Smell, framed",,,,,,,"curatorial_files","img/derivatives/simple/447/thumbnail.jpg","img/derivatives/simple/447/fullwidth.jpg",,"Allegory_of_Sight_and_Smell_framed.jpg"
448,2926,"Normal Light Images›Details","Allegory of Spring (Neuburg an der Donau) - Detail 1",,,,,,,"curatorial_files","img/derivatives/simple/448/thumbnail.jpg","img/derivatives/simple/448/fullwidth.jpg",,"Allegory_of_Spring_(Neuburg_an_der_Donau)_detail_1.jpg"
449,2926,"Normal Light Images›Details","Allegory of Spring (Neuburg an der Donau) - Detail 2",,,,,,,"curatorial_files","img/derivatives/simple/449/thumbnail.jpg","img/derivatives/simple/449/fullwidth.jpg",,"Allegory_of_Spring_(Neuburg_an_der_Donau)_detail_2.jpg"
450,2926,"Normal Light Images›Details","Allegory of Spring (Neuburg an der Donau) - Detail 3",,,,,,,"curatorial_files","img/derivatives/simple/450/thumbnail.jpg","img/derivatives/simple/450/fullwidth.jpg",,"Allegory_of_Spring_(Neuburg_an_der_Donau)_detail_3.jpg"
451,2926,"Normal Light Images›Details","Allegory of Spring (Neuburg an der Donau) - Detail 4",,,,,,,"curatorial_files","img/derivatives/simple/451/thumbnail.jpg","img/derivatives/simple/451/fullwidth.jpg",,"Allegory_of_Spring_(Neuburg_an_der_Donau)_detail_4.jpg"
452,2938,"Normal Light Images›Details","Allegory of Winter (Neuburg an der Donau) - Detail 1",,,,,,,"curatorial_files","img/derivatives/simple/452/thumbnail.jpg","img/derivatives/simple/452/fullwidth.jpg",,"Allegory_of_Winter_(Neuburg_an_der_Donau)_detail_1.jpg"
453,3799,"Normal Light Images›Details","Allegory of the Five Senses - Detail 1",,,,,,,"curatorial_files","img/derivatives/simple/453/thumbnail.jpg","img/derivatives/simple/453/fullwidth.jpg",,"Allegory_of_the_Five_Senses_detail_1.jpg"
454,3799,"Normal Light Images›Details","Allegory of the Five Senses - Detail 2",,,,,,,"curatorial_files","img/derivatives/simple/454/thumbnail.jpg","img/derivatives/simple/454/fullwidth.jpg",,"Allegory_of_the_Five_Senses_detail_2.jpg"
455,3799,"Normal Light Images›Details","Allegory of the Five Senses - Detail 3",,,,,,,"curatorial_files","img/derivatives/simple/455/thumbnail.jpg","img/derivatives/simple/455/fullwidth.jpg",,"Allegory_of_the_Five_Senses_detail_3.jpg"
456,3799,"Normal Light Images›Details","Allegory of the Five Senses - Detail 4",,,,,,,"curatorial_files","img/derivatives/simple/456/thumbnail.jpg","img/derivatives/simple/456/fullwidth.jpg",,"Allegory_of_the_Five_Senses_detail_4.jpg"
457,3799,"Normal Light Images›Details","Allegory of the Five Senses - Detail 5",,,,,,,"curatorial_files","img/derivatives/simple/457/thumbnail.jpg","img/derivatives/simple/457/fullwidth.jpg",,"Allegory_of_the_Five_Senses_detail_5.jpg"
458,3799,"Normal Light Images›Details","Allegory of the Five Senses - Detail 6",,,,,,,"curatorial_files","img/derivatives/simple/458/thumbnail.jpg","img/derivatives/simple/458/fullwidth.jpg",,"Allegory_of_the_Five_Senses_detail_6.jpg"
467,2979,"Normal Light Images›Extra Images","Framed",,,,,,,"curatorial_files","img/derivatives/simple/467/thumbnail.jpg","img/derivatives/simple/467/fullwidth.jpg",,"Boats_and_Canoes_in_the_Middle_of_a_River_INV_23088_Louvre_1.jpg"
468,2987,"Normal Light Images›Extra Images","Alternate image",,,,,,,"curatorial_files","img/derivatives/simple/468/thumbnail.jpg","img/derivatives/simple/468/fullwidth.jpg",,"Bouquet_in_a_Glass_Vase_(Madrid)x1.jpg"
469,3803,"Normal Light Images›Extra Images","Color",,,,,,,"curatorial_files","img/derivatives/simple/469/thumbnail.jpg","img/derivatives/simple/469/fullwidth.jpg",,"Bouquet_of_Flowers_in_a_Chinese_Vase_(London)xcolor.jpg"
470,3803,"Normal Light Images›Details","Detail 1",,,,,,,"curatorial_files","img/derivatives/simple/470/thumbnail.jpg","img/derivatives/simple/470/fullwidth.jpg",,"Bouquet_of_Flowers_in_a_Chinese_Vase_(London)x1.jpg"
471,3803,"Normal Light Images›Details","Detail 2",,,,,,,"curatorial_files","img/derivatives/simple/471/thumbnail.jpg","img/derivatives/simple/471/fullwidth.jpg",,"Bouquet_of_Flowers_in_a_Chinese_Vase_(London)x2.jpg"
472,3803,"Normal Light Images›Details","Detail 3",,,,,,,"curatorial_files","img/derivatives/simple/472/thumbnail.jpg","img/derivatives/simple/472/fullwidth.jpg",,"Bouquet_of_Flowers_in_a_Chinese_Vase_(London)x3.jpg"
473,3803,"Normal Light Images›Details","Detail 4",,,,,,,"curatorial_files","img/derivatives/simple/473/thumbnail.jpg","img/derivatives/simple/473/fullwidth.jpg",,"Bouquet_of_Flowers_in_a_Chinese_Vase_(London)x4.jpg"
474,3803,"Normal Light Images›Details","Detail 5",,,,,,,"curatorial_files","img/derivatives/simple/474/thumbnail.jpg","img/derivatives/simple/474/fullwidth.jpg",,"Bouquet_of_Flowers_in_a_Chinese_Vase_(London)x5.jpg"
477,3009,"Written Documents","Busy Road - Catalog Card from Museum Plantin-Moretus",,,,,,,"curatorial_files","img/derivatives/simple/477/thumbnail.jpg","img/derivatives/simple/477/fullwidth.jpg",,"Busy_Road_Card.jpg"
478,3014,"Normal Light Images›Details","Calvary (Munich) - Detail 1",,,,,,,"curatorial_files","img/derivatives/simple/478/thumbnail.jpg","img/derivatives/simple/478/fullwidth.jpg",,"Calvary_(Munich)_detail_1.jpg"
479,3026,"Normal Light Images›Extra Images","Christ and the Adulterous Woman (Munich) - Unframed",,,,,,,"curatorial_files","img/derivatives/simple/479/thumbnail.jpg","img/derivatives/simple/479/fullwidth.jpg",,"Christ_and_the_Adulterous_Woman_(Munich)_unframed.jpg"
480,3026,"Normal Light Images›Details","Christ and the Adulterous Woman (Munich) - Detail 1",,,,,,,"curatorial_files","img/derivatives/simple/480/thumbnail.jpg","img/derivatives/simple/480/fullwidth.jpg",,"Christ_and_the_Adulterous_Woman_(Munich)_detail_1.jpg"
481,3029,"Normal Light Images›Reverse","Reverse",,,,,,,"curatorial_files","img/derivatives/simple/481/thumbnail.jpg","img/derivatives/simple/481/fullwidth.jpg",,"Christ_in_Limbo_(Aschaffenburg)_reverse.jpg"
482,3035,"Normal Light Images›Details","Cityscape with Busy Street - Detail 1",,,,,,,"curatorial_files","img/derivatives/simple/482/thumbnail.jpg","img/derivatives/simple/482/fullwidth.jpg",,"Cityscape_with_Busy_Street_detail_1.jpg"
483,3035,"Normal Light Images›Details","Cityscape with Busy Street - Detail 2",,,,,,,"curatorial_files","img/derivatives/simple/483/thumbnail.jpg","img/derivatives/simple/483/fullwidth.jpg",,"Cityscape_with_Busy_Street_detail_2.jpg"
484,3035,"Normal Light Images›Details","Cityscape with Busy Street - Detail 3",,,,,,,"curatorial_files","img/derivatives/simple/484/thumbnail.jpg","img/derivatives/simple/484/fullwidth.jpg",,"Cityscape_with_Busy_Street_detail_3.jpg"
485,3035,"Normal Light Images›Details","Cityscape with Busy Street - Detail 4",,,,,,,"curatorial_files","img/derivatives/simple/485/thumbnail.jpg","img/derivatives/simple/485/fullwidth.jpg",,"Cityscape_with_Busy_Street_detail_4.jpg"
486,3806,"Normal Light Images›Details","Coastal Landscape with Sacrifice of Jonah (London) - Detail 1",,,,,,,"curatorial_files","img/derivatives/simple/486/thumbnail.jpg","img/derivatives/simple/486/fullwidth.jpg",,"Coastal_Landscape_with_Sacrifice_of_Jonah_(London)_detail_1.jpg"
487,3806,"Normal Light Images›Details","Coastal Landscape with Sacrifice of Jonah (London) - Detail 2",,,,,,,"curatorial_files","img/derivatives/simple/487/thumbnail.jpg","img/derivatives/simple/487/fullwidth.jpg",,"Coastal_Landscape_with_Sacrifice_of_Jonah_(London)_detail_2.jpg"
488,3806,"Normal Light Images›Details","Coastal Landscape with Sacrifice of Jonah (London) - Detail 3",,,,,,,"curatorial_files","img/derivatives/simple/488/thumbnail.jpg","img/derivatives/simple/488/fullwidth.jpg",,"Coastal_Landscape_with_Sacrifice_of_Jonah_(London)_detail_3.jpg"
489,3806,"Normal Light Images›Details","Coastal Landscape with Sacrifice of Jonah (London) - Detail 4",,,,,,,"curatorial_files","img/derivatives/simple/489/thumbnail.jpg","img/derivatives/simple/489/fullwidth.jpg",,"Coastal_Landscape_with_Sacrifice_of_Jonah_(London)_detail_4.jpg"
490,3806,"Normal Light Images›Details","Coastal Landscape with Sacrifice of Jonah (London) - Detail 5",,,,,,,"curatorial_files","img/derivatives/simple/490/thumbnail.jpg","img/derivatives/simple/490/fullwidth.jpg",,"Coastal_Landscape_with_Sacrifice_of_Jonah_(London)_detail_5.jpg"
491,3056,"Normal Light Images›Details","Country Road with Windmill - Detail 1",,,,,,,"curatorial_files","img/derivatives/simple/491/thumbnail.jpg","img/derivatives/simple/491/fullwidth.jpg",,"Country_Road_with_Windmill_detail_1.jpg"
492,3056,"Normal Light Images›Details","Country Road with Windmill - Detail 2",,,,,,,"curatorial_files","img/derivatives/simple/492/thumbnail.jpg","img/derivatives/simple/492/fullwidth.jpg",,"Country_Road_with_Windmill_detail_2.jpg"
493,3808,"Normal Light Images›Details","Crossing in the Forest - Detail 1",,,,,,,"curatorial_files","img/derivatives/simple/493/thumbnail.jpg","img/derivatives/simple/493/fullwidth.jpg",,"Crossing_in_the_Forest_detail_1.jpg"
494,3808,"Normal Light Images›Details","Crossing in the Forest - Detail 2",,,,,,,"curatorial_files","img/derivatives/simple/494/thumbnail.jpg","img/derivatives/simple/494/fullwidth.jpg",,"Crossing_in_the_Forest_detail_2.jpg"
495,3808,"Normal Light Images›Details","Crossing in the Forest - Detail 3",,,,,,,"curatorial_files","img/derivatives/simple/495/thumbnail.jpg","img/derivatives/simple/495/fullwidth.jpg",,"Crossing_in_the_Forest_detail_3.jpg"
496,3070,"Normal Light Images›Details","Diana's Nymphs After Fishing - Detail 1",,,,,,,"curatorial_files","img/derivatives/simple/496/thumbnail.jpg","img/derivatives/simple/496/fullwidth.jpg",,"Diana's_Nymphs_After_Fishing_detail_1.jpg"
497,3070,"Normal Light Images›Details","Diana's Nymphs After Fishing - Detail 2",,,,,,,"curatorial_files","img/derivatives/simple/497/thumbnail.jpg","img/derivatives/simple/497/fullwidth.jpg",,"Diana's_Nymphs_After_Fishing_detail_2.jpg"
498,3070,"Normal Light Images›Details","Diana's Nymphs After Fishing - Detail 3",,,,,,,"curatorial_files","img/derivatives/simple/498/thumbnail.jpg","img/derivatives/simple/498/fullwidth.jpg",,"Diana's_Nymphs_After_Fishing_detail_3.jpg"
499,3070,"Normal Light Images›Details","Diana's Nymphs After Fishing - Detail 4",,,,,,,"curatorial_files","img/derivatives/simple/499/thumbnail.jpg","img/derivatives/simple/499/fullwidth.jpg",,"Diana's_Nymphs_After_Fishing_detail_4.jpg"
500,3072,"Normal Light Images›Details","Diana After the Hunt - Detail 1",,,,,,,"curatorial_files","img/derivatives/simple/500/thumbnail.jpg","img/derivatives/simple/500/fullwidth.jpg",,"Diana_After_the_Hunt_detail_1.jpg"
501,3809,"Normal Light Images›Details","Diana and Actaeon - Detail 1",,,,,,,"curatorial_files","img/derivatives/simple/501/thumbnail.jpg","img/derivatives/simple/501/fullwidth.jpg",,"Diana_and_Actaeon_detail_1.jpg"
502,3809,"Normal Light Images›Details","Diana and Actaeon - Detail 2",,,,,,,"curatorial_files","img/derivatives/simple/502/thumbnail.jpg","img/derivatives/simple/502/fullwidth.jpg",,"Diana_and_Actaeon_detail_2.jpg"
503,3813,"Normal Light Images›Details","Fantastic Cave with Odysseus and Calypso - Detail 1",,,,,,,"curatorial_files","img/derivatives/simple/503/thumbnail.jpg","img/derivatives/simple/503/fullwidth.jpg",,"Fantastic_Cave_with_Odysseus_and_Calypso_detail_1.jpg"
504,3813,"Normal Light Images›Details","Fantastic Cave with Odysseus and Calypso - Detail 2",,,,,,,"curatorial_files","img/derivatives/simple/504/thumbnail.jpg","img/derivatives/simple/504/fullwidth.jpg",,"Fantastic_Cave_with_Odysseus_and_Calypso_detail_2.jpg"
505,3813,"Normal Light Images›Details","Fantastic Cave with Odysseus and Calypso - Detail 3",,,,,,,"curatorial_files","img/derivatives/simple/505/thumbnail.jpg","img/derivatives/simple/505/fullwidth.jpg",,"Fantastic_Cave_with_Odysseus_and_Calypso_detail_3.jpg"
506,3813,"Normal Light Images›Details","Fantastic Cave with Odysseus and Calypso - Detail 4",,,,,,,"curatorial_files","img/derivatives/simple/506/thumbnail.jpg","img/derivatives/simple/506/fullwidth.jpg",,"Fantastic_Cave_with_Odysseus_and_Calypso_detail_4.jpg"
507,3813,"Normal Light Images›Details","Fantastic Cave with Odysseus and Calypso - Detail 5",,,,,,,"curatorial_files","img/derivatives/simple/507/thumbnail.jpg","img/derivatives/simple/507/fullwidth.jpg",,"Fantastic_Cave_with_Odysseus_and_Calypso_detail_5.jpg"
508,3813,"Normal Light Images›Details","Fantastic Cave with Odysseus and Calypso - Detail 6",,,,,,,"curatorial_files","img/derivatives/simple/508/thumbnail.jpg","img/derivatives/simple/508/fullwidth.jpg",,"Fantastic_Cave_with_Odysseus_and_Calypso_detail_6.jpg"
509,3813,"Normal Light Images›Details","Fantastic Cave with Odysseus and Calypso - Detail 7",,,,,,,"curatorial_files","img/derivatives/simple/509/thumbnail.jpg","img/derivatives/simple/509/fullwidth.jpg",,"Fantastic_Cave_with_Odysseus_and_Calypso_detail_7.jpg"
510,3813,"Normal Light Images›Details","Fantastic Cave with Odysseus and Calypso - Detail 8",,,,,,,"curatorial_files","img/derivatives/simple/510/thumbnail.jpg","img/derivatives/simple/510/fullwidth.jpg",,"Fantastic_Cave_with_Odysseus_and_Calypso_detail_8.jpg"
511,3101,"Normal Light Images›Details","Farmstead on the Stream - Detail 1",,,,,,,"curatorial_files","img/derivatives/simple/511/thumbnail.jpg","img/derivatives/simple/511/fullwidth.jpg",,"Farmstead_on_the_Stream_detail_1.jpg"
512,3108,"Normal Light Images›Details","Feast of the Gods with Bacchus - Detail 1",,,,,,,"curatorial_files","img/derivatives/simple/512/thumbnail.jpg","img/derivatives/simple/512/fullwidth.jpg",,"Feast_of_the_Gods_with_Bacchus_detail_1.jpg"
513,3108,"Normal Light Images›Details","Feast of the Gods with Bacchus - Detail 2",,,,,,,"curatorial_files","img/derivatives/simple/513/thumbnail.jpg","img/derivatives/simple/513/fullwidth.jpg",,"Feast_of_the_Gods_with_Bacchus_detail_2.jpg"
514,3815,"Normal Light Images›Extra Images","Black and white image",,,,,,,"curatorial_files","img/derivatives/simple/514/thumbnail.jpg","img/derivatives/simple/514/fullwidth.jpg",,"Fire-_The_Forge_of_Vulcan.jpg"
515,3116,"Normal Light Images›Details","Fish Market by a River - Detail 1",,,,,,,"curatorial_files","img/derivatives/simple/515/thumbnail.jpg","img/derivatives/simple/515/fullwidth.jpg",,"Fish_Market_by_a_River_detail_1.jpg"
516,3116,"Normal Light Images›Details","Fish Market by a River - Detail 2",,,,,,,"curatorial_files","img/derivatives/simple/516/thumbnail.jpg","img/derivatives/simple/516/fullwidth.jpg",,"Fish_Market_by_a_River_detail_2.jpg"
517,3118,"Written Documents","Fishermen in the Dunes - Catalog Card from Museum Plantin-Moretus",,,,,,,"curatorial_files","img/derivatives/simple/517/thumbnail.jpg","img/derivatives/simple/517/fullwidth.jpg",,"Fishermen_in_the_Dunes_Card_1.jpg"
518,3118,"Written Documents","Fishermen in the Dunes - Catalog Card from Museum Plantin-Moretus",,,,,,,"curatorial_files","img/derivatives/simple/518/thumbnail.jpg","img/derivatives/simple/518/fullwidth.jpg",,"Fishermen_in_the_Dunes_Card_2.jpg"
519,3126,"Written Documents","Flower Arrangement - Catalog Card from Museum Plantin-Moretus",,,,,,,"curatorial_files","img/derivatives/simple/519/thumbnail.jpg","img/derivatives/simple/519/fullwidth.jpg",,"Flower_Arrangement_Card_1.jpg"
520,3126,"Written Documents","Flower Arrangement - Catalog Card from Museum Plantin-Moretus",,,,,,,"curatorial_files","img/derivatives/simple/520/thumbnail.jpg","img/derivatives/simple/520/fullwidth.jpg",,"Flower_Arrangement_Card_2.jpg"
521,3130,"Normal Light Images›Details","Flower Garland Around the Madonna and Child with Angels - Detail 1",,,,,,,"curatorial_files","img/derivatives/simple/521/thumbnail.jpg","img/derivatives/simple/521/fullwidth.jpg",,"Flower_Garland_Around_the_Madonna_and_Child_with_Angels_detail_1.jpg"
522,3130,"Normal Light Images›Details","Flower Garland Around the Madonna and Child with Angels - Detail 2",,,,,,,"curatorial_files","img/derivatives/simple/522/thumbnail.jpg","img/derivatives/simple/522/fullwidth.jpg",,"Flower_Garland_Around_the_Madonna_and_Child_with_Angels_detail_2.jpg"
523,3130,"Normal Light Images›Details","Flower Garland Around the Madonna and Child with Angels - Detail 4",,,,,,,"curatorial_files","img/derivatives/simple/523/thumbnail.jpg","img/derivatives/simple/523/fullwidth.jpg",,"Flower_Garland_Around_the_Madonna_and_Child_with_Angels_detail_4.jpg"
524,3130,"Normal Light Images›Details","Flower Garland Around the Madonna and Child with Angels - Detail 5",,,,,,,"curatorial_files","img/derivatives/simple/524/thumbnail.jpg","img/derivatives/simple/524/fullwidth.jpg",,"Flower_Garland_Around_the_Madonna_and_Child_with_Angels_detail_5.jpg"
525,3132,"Normal Light Images›Framed","Flower Garland Around the Virgin and Child (Milan), framed",,,,,,,"curatorial_files","img/derivatives/simple/525/thumbnail.jpg","img/derivatives/simple/525/fullwidth.jpg",,"Flower_Garland_Around_the_Virgin_and_Child_(Milan)_framed.jpg"
526,3139,"Normal Light Images›Details","Detail 1",,,,,,"RKD #92.731","curatorial_files","img/derivatives/simple/526/thumbnail.jpg","img/derivatives/simple/526/fullwidth.jpg",,"Flowers_in_Earthenware_Vase_(Netherlands)xi.jpg"
527,3139,"Normal Light Images›Details","Detail 2",,,,,,"RKD #92.728","curatorial_files","img/derivatives/simple/527/thumbnail.jpg","img/derivatives/simple/527/fullwidth.jpg",,"Flowers_in_Earthenware_Vase_(Netherlands)x2.jpg"
528,3139,"Normal Light Images›Details","Detail 3",,,,,,"RKD #92.726","curatorial_files","img/derivatives/simple/528/thumbnail.jpg","img/derivatives/simple/528/fullwidth.jpg",,"Flowers_in_Earthenware_Vase_(Netherlands)x3.jpg"
529,3139,"Normal Light Images›Details","Detail 4",,,,,,"RKD #92.724","curatorial_files","img/derivatives/simple/529/thumbnail.jpg","img/derivatives/simple/529/fullwidth.jpg",,"Flowers_in_Earthenware_Vase_(Netherlands)x4.jpg"
530,3139,"Normal Light Images›Details","Detail 5",,,,,,"RKD #92.729","curatorial_files","img/derivatives/simple/530/thumbnail.jpg","img/derivatives/simple/530/fullwidth.jpg",,"Flowers_in_Earthenware_Vase_(Netherlands)x5.jpg"
531,3139,"Normal Light Images›Details","Detail 6",,,,,,"RKD #92.730","curatorial_files","img/derivatives/simple/531/thumbnail.jpg","img/derivatives/simple/531/fullwidth.jpg",,"Flowers_in_Earthenware_Vase_(Netherlands)x6.jpg"
532,3139,"Normal Light Images›Details","Detail 7",,,,,,"RKD #92.727","curatorial_files","img/derivatives/simple/532/thumbnail.jpg","img/derivatives/simple/532/fullwidth.jpg",,"Flowers_in_Earthenware_Vase_(Netherlands)x7.jpg"
533,3142,"Normal Light Images›Details","Flowers in Earthenware Vase (Vienna) detail",,,,,,,"curatorial_files","img/derivatives/simple/533/thumbnail.jpg","img/derivatives/simple/533/fullwidth.jpg",,"Flowers_in_Earthenware_Vase_(Vienna)_detail.jpg"
534,3819,"Normal Light Images›Details","Flowers in a Blue Painted Vase - Detail 1",,,,,,,"curatorial_files","img/derivatives/simple/534/thumbnail.jpg","img/derivatives/simple/534/fullwidth.jpg",,"Flowers_in_a_Blue_Painted_Vase_detail.jpg"
535,3819,"Normal Light Images›Details","Flowers in a Blue Painted Vase - Detail 2",,,,,,,"curatorial_files","img/derivatives/simple/535/thumbnail.jpg","img/derivatives/simple/535/fullwidth.jpg",,"Flowers_in_a_Blue_Painted_Vase_detail_2.jpg"
536,3819,"Normal Light Images›Details","Flowers in a Blue Painted Vase - Detail 3",,,,,,,"curatorial_files","img/derivatives/simple/536/thumbnail.jpg","img/derivatives/simple/536/fullwidth.jpg",,"Flowers_in_a_Blue_Painted_Vase_detail_3.jpg"
537,3819,"Normal Light Images›Details","Flowers in a Blue Painted Vase - Detail 4",,,,,,,"curatorial_files","img/derivatives/simple/537/thumbnail.jpg","img/derivatives/simple/537/fullwidth.jpg",,"Flowers_in_a_Blue_Painted_Vase_detail_4.jpg"
538,3819,"Normal Light Images›Details","Flowers in a Blue Painted Vase - Detail 5",,,,,,,"curatorial_files","img/derivatives/simple/538/thumbnail.jpg","img/derivatives/simple/538/fullwidth.jpg",,"Flowers_in_a_Blue_Painted_Vase_detail_5_0.jpg"
539,3820,"Normal Light Images›Details","Detail",,,,,,"Ertz 2008-10, Cat 421","curatorial_files","img/derivatives/simple/539/thumbnail.jpg","img/derivatives/simple/539/fullwidth.jpg",,"Flowers_in_a_Glass_Vase_(Private_Collection)_A.jpg"
540,3154,"Normal Light Images›Details","Detail 1",,,,,,,"curatorial_files","img/derivatives/simple/540/thumbnail.jpg","img/derivatives/simple/540/fullwidth.jpg",,"Flowers_in_a_Glass_Vase_(Switzerland)Extra.jpg"
541,3160,"Normal Light Images›Extra Images","Black and white",,,,,,,"curatorial_files","img/derivatives/simple/541/thumbnail.jpg","img/derivatives/simple/541/fullwidth.jpg",,"Flowers_in_a_Painted_Vase_with_Chalice_and_Wreath_(Munich)xb&w.jpg"
542,3177,"Normal Light Images›Details","Detail 1",,,,,,,"curatorial_files","img/derivatives/simple/542/thumbnail.jpg","img/derivatives/simple/542/fullwidth.jpg",,"Flowers_in_a_Wooden_Tub_(The_Hague)x1.jpg"
543,3177,"Normal Light Images›Details","Detail 2",,,,,,,"curatorial_files","img/derivatives/simple/543/thumbnail.jpg","img/derivatives/simple/543/fullwidth.jpg",,"Flowers_in_a_Wooden_Tub_(The_Hague)x2.jpg"
544,3180,"Normal Light Images›Extra Images",,,,,,,,"curatorial_files","img/derivatives/simple/544/thumbnail.jpg","img/derivatives/simple/544/fullwidth.jpg",,"Flowers_in_a_Wooden_Tub_with_Tulip_(Paris)Extra.jpg"
545,3186,"Normal Light Images›Framed","Forest Landscape with Angler - Framed",,,,,,,"curatorial_files","img/derivatives/simple/545/thumbnail.jpg","img/derivatives/simple/545/fullwidth.jpg",,"Forest_Landscape_with_Angler_framed.jpg"
546,3186,"Normal Light Images›Details","Forest Landscape with Angler - Detail 1",,,,,,,"curatorial_files","img/derivatives/simple/546/thumbnail.jpg","img/derivatives/simple/546/fullwidth.jpg",,"Forest_Landscape_with_Angler_detail_1.jpg"
547,3186,"Normal Light Images›Details","Forest Landscape with Angler - Detail 2",,,,,,,"curatorial_files","img/derivatives/simple/547/thumbnail.jpg","img/derivatives/simple/547/fullwidth.jpg",,"Forest_Landscape_with_Angler_detail_2.jpg"
548,3186,"Normal Light Images›Details","Forest Landscape with Angler - Detail 3",,,,,,,"curatorial_files","img/derivatives/simple/548/thumbnail.jpg","img/derivatives/simple/548/fullwidth.jpg",,"Forest_Landscape_with_Angler_detail_3.jpg"
549,3192,"Normal Light Images›Framed","Framed",,,,,,,"curatorial_files","img/derivatives/simple/549/thumbnail.jpg","img/derivatives/simple/549/fullwidth.jpg",,"Forest_Landscape_with_Duck_Hunter.jpg"
550,3205,"Normal Light Images›Related Materials","Forest Landscape with Hunters (Private Collection) depicted in the Allegory of Sight (Prado)",,,,,,"The relationship between the two paintings is explored in Wood Ruby 2012.","curatorial_files","img/derivatives/simple/550/thumbnail.jpg","img/derivatives/simple/550/fullwidth.jpg",,"Forest_Landscape_with_Hunters_(Private_Collection)_extra_1.jpg"
551,3211,"Normal Light Images›Details","Forest Landscape with St. Hubert - Detail 1",,,,,,,"curatorial_files","img/derivatives/simple/551/thumbnail.jpg","img/derivatives/simple/551/fullwidth.jpg",,"Forest_Landscape_with_St._Hubert_detail_1.jpg"
552,3211,"Normal Light Images›Details","Forest Landscape with St. Hubert - Detail 2",,,,,,,"curatorial_files","img/derivatives/simple/552/thumbnail.jpg","img/derivatives/simple/552/fullwidth.jpg",,"Forest_Landscape_with_St._Hubert_detail_2.jpg"
553,3211,"Normal Light Images›Details","Forest Landscape with St. Hubert - Detail 3",,,,,,,"curatorial_files","img/derivatives/simple/553/thumbnail.jpg","img/derivatives/simple/553/fullwidth.jpg",,"Forest_Landscape_with_St._Hubert_detail_3.jpg"
554,3229,"Normal Light Images›Framed","Forest with Hunting Scene (Framed)",,,,,,,"curatorial_files","img/derivatives/simple/554/thumbnail.jpg","img/derivatives/simple/554/fullwidth.jpg",,"Forest_with_Hunting_Scene_2.jpg"
555,3825,"Normal Light Images›Extra Images","Fruit Garland with Offering to Ceres - Additional Image",,,,,,,"curatorial_files","img/derivatives/simple/555/thumbnail.jpg","img/derivatives/simple/555/fullwidth.jpg",,"Fruit_Garland_with_Offering_to_Ceres,_Hague.jpg"
556,3246,"Normal Light Images›Details","Fruit and Flower Garland with the Holy Family in a Landscape (Munich) - Detail 1",,,,,,,"curatorial_files","img/derivatives/simple/556/thumbnail.jpg","img/derivatives/simple/556/fullwidth.jpg",,"Fruit_and_Flower_Garland_with_the_Holy_Family_in_a_Landscape_(Munich)_detail_1.jpg"
557,3246,"Normal Light Images›Details","Fruit and Flower Garland with the Holy Family in a Landscape (Munich) - Detail 2",,,,,,,"curatorial_files","img/derivatives/simple/557/thumbnail.jpg","img/derivatives/simple/557/fullwidth.jpg",,"Fruit_and_Flower_Garland_with_the_Holy_Family_in_a_Landscape_(Munich)_detail_2.jpg"
559,3260,"Normal Light Images›Details","Harbor with Preaching of Christ (London) - Detail 1",,,,,,,"curatorial_files","img/derivatives/simple/559/thumbnail.jpg","img/derivatives/simple/559/fullwidth.jpg",,"Harbor_with_Preaching_of_Christ_(London)_detail_1.jpg"
560,3260,"Normal Light Images›Details","Harbor with Preaching of Christ (London) - Detail 2",,,,,,,"curatorial_files","img/derivatives/simple/560/thumbnail.jpg","img/derivatives/simple/560/fullwidth.jpg",,"Harbor_with_Preaching_of_Christ_(London)_detail_2.jpg"
561,3260,"Normal Light Images›Details","Harbor with Preaching of Christ (London) - Detail 3",,,,,,,"curatorial_files","img/derivatives/simple/561/thumbnail.jpg","img/derivatives/simple/561/fullwidth.jpg",,"Harbor_with_Preaching_of_Christ_(London)_detail_3.jpg"
562,3260,"Normal Light Images›Details","Harbor with Preaching of Christ (London) - Detail 4",,,,,,,"curatorial_files","img/derivatives/simple/562/thumbnail.jpg","img/derivatives/simple/562/fullwidth.jpg",,"Harbor_with_Preaching_of_Christ_(London)_detail_4.jpg"
563,3263,"Normal Light Images›Framed","Hell Scene, framed",,,,,,,"curatorial_files","img/derivatives/simple/563/thumbnail.jpg","img/derivatives/simple/563/fullwidth.jpg",,"Hell_Scene_framed.png"
564,3266,"Normal Light Images›Related Materials","Hermit with Vegetable Garden and Distant Landscape - Extra 1",,,,,,,"curatorial_files","img/derivatives/simple/564/thumbnail.jpg","img/derivatives/simple/564/fullwidth.jpg",,"Hermit_with_Vegetable_Garden_and_Distant_Landscape_Extra_1.jpg"
565,3266,"Normal Light Images›Related Materials","Hermit with Vegetable Garden and Distant Landscape - Extra 2",,,,,,,"curatorial_files","img/derivatives/simple/565/thumbnail.jpg","img/derivatives/simple/565/fullwidth.jpg",,"Hermit_with_Vegetable_Garden_and_Distant_Landscape_Extra_2.jpg"
566,3277,"Normal Light Images›Details","Holy Family in a Landscape (Munich) - Detail 1",,,,,,,"curatorial_files","img/derivatives/simple/566/thumbnail.jpg","img/derivatives/simple/566/fullwidth.jpg",,"Holy_Family_in_a_Landscape_(Munich)_detail_1.jpg"
567,3277,"Normal Light Images›Details","Holy Family in a Landscape (Munich) - Detail 2",,,,,,,"curatorial_files","img/derivatives/simple/567/thumbnail.jpg","img/derivatives/simple/567/fullwidth.jpg",,"Holy_Family_in_a_Landscape_(Munich)_detail_2.jpg"
568,3291,"Normal Light Images›Extra Images","Interior of a Gothic Church (Milan) - Extra 1",,,,,,,"curatorial_files","img/derivatives/simple/568/thumbnail.jpg","img/derivatives/simple/568/fullwidth.jpg",,"Interior_of_a_Gothic_Church_(Milan)_Extra_1.jpg"
569,3830,"Normal Light Images›Extra Images","Interior of a Gothic Church Looking East (London, 1443) - Extra 1",,,,,,,"curatorial_files","img/derivatives/simple/569/thumbnail.jpg","img/derivatives/simple/569/fullwidth.jpg",,"Interior_of_a_Gothic_Church_Looking_East_(London,_1443)_Extra_1.jpg"
570,3830,"Normal Light Images›Extra Images","Interior of a Gothic Church Looking East (London, 1443) - Extra 2",,,,,,,"curatorial_files","img/derivatives/simple/570/thumbnail.jpg","img/derivatives/simple/570/fullwidth.jpg",,"Interior_of_a_Gothic_Church_Looking_East_(London,_1443)_Extra_2.jpg"
571,3831,"Normal Light Images›Extra Images","Interior of a Gothic Church Looking East (London, 2204) - Extra 1",,,,,,,"curatorial_files","img/derivatives/simple/571/thumbnail.jpg","img/derivatives/simple/571/fullwidth.jpg",,"Interior_of_a_Gothic_Church_Looking_East_(London,_2204)_Extra_1.jpg"
572,3295,"Normal Light Images›Details","John the Baptist in the Wilderness (London) - Detail 1",,,,,,,"curatorial_files","img/derivatives/simple/572/thumbnail.jpg","img/derivatives/simple/572/fullwidth.jpg",,"John_the_Baptist_in_the_Wilderness_(London)_detail_1.jpg"
573,3295,"Normal Light Images›Details","John the Baptist in the Wilderness (London) - Detail 2",,,,,,,"curatorial_files","img/derivatives/simple/573/thumbnail.jpg","img/derivatives/simple/573/fullwidth.jpg",,"John_the_Baptist_in_the_Wilderness_(London)_detail_2.jpg"
574,3297,"Normal Light Images›Details","Jonah Leaving the Whale (Munich) - Detail 1",,,,,,,"curatorial_files","img/derivatives/simple/574/thumbnail.jpg","img/derivatives/simple/574/fullwidth.jpg",,"Jonah_Leaving_the_Whale_(Munich)_detail_1.jpg"
575,3303,"Normal Light Images›Details","Landing Stage Near a Village - Detail 1",,,,,,,"curatorial_files","img/derivatives/simple/575/thumbnail.jpg","img/derivatives/simple/575/fullwidth.jpg",,"Landing_Stage_Near_a_Village_detail_1.jpg"
576,3303,"Normal Light Images›Details","Landing Stage Near a Village - Detail 2",,,,,,,"curatorial_files","img/derivatives/simple/576/thumbnail.jpg","img/derivatives/simple/576/fullwidth.jpg",,"Landing_Stage_Near_a_Village_detail_2.jpg"
577,3315,"Normal Light Images›Related Materials","Landscape with Hermit (St. Fulgentius?) (Milan) - Extra 1",,,,,,,"curatorial_files","img/derivatives/simple/577/thumbnail.jpg","img/derivatives/simple/577/fullwidth.jpg",,"Landscape_with_Hermit_(St._Fulgentius  )_(Milan)_Extra_1.jpg"
578,3322,"Written Documents","Landscape with Moated Castle - Catalog Card from Museum Plantin-Moretus",,,,,,,"curatorial_files","img/derivatives/simple/578/thumbnail.jpg","img/derivatives/simple/578/fullwidth.jpg",,"Landscape_with_Moated_Castle_Card_1.jpg"
579,3322,"Written Documents","Landscape with Moated Castle - Catalog Card from Museum Plantin-Moretus",,,,,,,"curatorial_files","img/derivatives/simple/579/thumbnail.jpg","img/derivatives/simple/579/fullwidth.jpg",,"Landscape_with_Moated_Castle_Card_2.jpg"
580,3323,"Normal Light Images›Details","Landscape with Noble Company - Detail 1",,,,,,,"curatorial_files","img/derivatives/simple/580/thumbnail.jpg","img/derivatives/simple/580/fullwidth.jpg",,"Landscape_with_Noble_Company_detail_1.jpg"
581,3323,"Normal Light Images›Details","Landscape with Noble Company - Detail 2",,,,,,,"curatorial_files","img/derivatives/simple/581/thumbnail.jpg","img/derivatives/simple/581/fullwidth.jpg",,"Landscape_with_Noble_Company_detail_2.jpg"
582,3323,"Normal Light Images›Details","Landscape with Noble Company - Detail 3",,,,,,,"curatorial_files","img/derivatives/simple/582/thumbnail.jpg","img/derivatives/simple/582/fullwidth.jpg",,"Landscape_with_Noble_Company_detail_3.jpg"
583,3325,"Normal Light Images›Details","Landscape with Rest on the Flight into Egypt - Detail 1",,,,,,,"curatorial_files","img/derivatives/simple/583/thumbnail.jpg","img/derivatives/simple/583/fullwidth.jpg",,"Landscape_with_Rest_on_the_Flight_into_Egypt_detail_1.jpg"
584,3325,"Normal Light Images›Details","Landscape with Rest on the Flight into Egypt - Detail 2",,,,,,,"curatorial_files","img/derivatives/simple/584/thumbnail.jpg","img/derivatives/simple/584/fullwidth.jpg",,"Landscape_with_Rest_on_the_Flight_into_Egypt_detail_2.jpg"
585,3325,"Normal Light Images›Details","Landscape with Rest on the Flight into Egypt - Detail 3",,,,,,,"curatorial_files","img/derivatives/simple/585/thumbnail.jpg","img/derivatives/simple/585/fullwidth.jpg",,"Landscape_with_Rest_on_the_Flight_into_Egypt_detail_3.jpg"
586,3327,"Normal Light Images›Details","Landscape with St. Jerome (Munich) - Detail 1",,,,,,,"curatorial_files","img/derivatives/simple/586/thumbnail.jpg","img/derivatives/simple/586/fullwidth.jpg",,"Landscape_with_St._Jerome_(Munich)_detail_1.jpg"
587,3833,"Normal Light Images›Framed","Black and white image, framed",,,,,,,"curatorial_files","img/derivatives/simple/587/thumbnail.jpg","img/derivatives/simple/587/fullwidth.jpg",,"Landscape_with_Wagon_Train_extra.jpg"
588,3341,"Normal Light Images›Details","Large Fish Market with Self Portrait - Detail 1",,,,,,,"curatorial_files","img/derivatives/simple/588/thumbnail.jpg","img/derivatives/simple/588/fullwidth.jpg",,"Large_Fish_Market_with_Self_Portrait_detail_1.jpg"
589,3341,"Normal Light Images›Details","Large Fish Market with Self Portrait - Detail 2",,,,,,,"curatorial_files","img/derivatives/simple/589/thumbnail.jpg","img/derivatives/simple/589/fullwidth.jpg",,"Large_Fish_Market_with_Self_Portrait_detail_2.jpg"
590,3341,"Normal Light Images›Details","Large Fish Market with Self Portrait - Detail 3",,,,,,,"curatorial_files","img/derivatives/simple/590/thumbnail.jpg","img/derivatives/simple/590/fullwidth.jpg",,"Large_Fish_Market_with_Self_Portrait_detail_3.jpg"
591,3341,"Normal Light Images›Details","Large Fish Market with Self Portrait - Detail 4",,,,,,,"curatorial_files","img/derivatives/simple/591/thumbnail.jpg","img/derivatives/simple/591/fullwidth.jpg",,"Large_Fish_Market_with_Self_Portrait_detail_4.jpg"
592,3341,"Normal Light Images›Details","Large Fish Market with Self Portrait - Detail 5",,,,,,,"curatorial_files","img/derivatives/simple/592/thumbnail.jpg","img/derivatives/simple/592/fullwidth.jpg",,"Large_Fish_Market_with_Self_Portrait_detail_5.jpg"
593,3347,"Normal Light Images›Details","Lot and His Daughters before Sodom (Munich) - Detail 1",,,,,,,"curatorial_files","img/derivatives/simple/593/thumbnail.jpg","img/derivatives/simple/593/fullwidth.jpg",,"Lot_and_His_Daughters_before_Sodom_(Munich)_detail_1.jpg"
595,3350,"Normal Light Images›Extra Images","Madonna and Child in a Flower Garland with Putti (Munich) -Unframed",,,,,,,"curatorial_files","img/derivatives/simple/595/thumbnail.jpg","img/derivatives/simple/595/fullwidth.jpg",,"Madonna_and_Child_in_a_Flower_Garland_with_Putti_(Munich)_2.jpg"
596,3350,"Normal Light Images›Details","Madonna and Child in a Flower Garland with Putti (Munich) - Detail 1",,,,,,,"curatorial_files","img/derivatives/simple/596/thumbnail.jpg","img/derivatives/simple/596/fullwidth.jpg",,"Madonna_and_Child_in_a_Flower_Garland_with_Putti_(Munich)_detail_1.jpg"
597,3350,"Normal Light Images›Details","Madonna and Child in a Flower Garland with Putti (Munich) - Detail 2",,,,,,,"curatorial_files","img/derivatives/simple/597/thumbnail.jpg","img/derivatives/simple/597/fullwidth.jpg",,"Madonna_and_Child_in_a_Flower_Garland_with_Putti_(Munich)_detail_2.jpg"
598,3350,"Normal Light Images›Details","Madonna and Child in a Flower Garland with Putti (Munich) - Detail 3",,,,,,,"curatorial_files","img/derivatives/simple/598/thumbnail.jpg","img/derivatives/simple/598/fullwidth.jpg",,"Madonna_and_Child_in_a_Flower_Garland_with_Putti_(Munich)_detail_3.jpg"
599,3352,"Normal Light Images›Details","Madonna and Child with Angels in a Landscape (Cologne) - Detail 1",,,,,,,"curatorial_files","img/derivatives/simple/599/thumbnail.jpg","img/derivatives/simple/599/fullwidth.jpg",,"Madonna_and_Child_with_Angels_in_a_Landscape_(Cologne)_detail_1.jpg"
600,3352,"Normal Light Images›Details","Madonna and Child with Angels in a Landscape (Cologne) - Detail 2",,,,,,,"curatorial_files","img/derivatives/simple/600/thumbnail.jpg","img/derivatives/simple/600/fullwidth.jpg",,"Madonna_and_Child_with_Angels_in_a_Landscape_(Cologne)_detail_2.jpg"
601,3352,"Normal Light Images›Details","Madonna and Child with Angels in a Landscape (Cologne) - Detail 3",,,,,,,"curatorial_files","img/derivatives/simple/601/thumbnail.jpg","img/derivatives/simple/601/fullwidth.jpg",,"Madonna_and_Child_with_Angels_in_a_Landscape_(Cologne)_detail_3.jpg"
602,3364,"Normal Light Images›Details","Mary with Christ, John and Putti in a Landscape - Detail 1",,,,,,,"curatorial_files","img/derivatives/simple/602/thumbnail.jpg","img/derivatives/simple/602/fullwidth.jpg",,"Mary_with_Christ,_John_and_Putti_in_a_Landscape_detail_1.jpg"
603,3364,"Normal Light Images›Details","Mary with Christ, John and Putti in a Landscape - Detail 2",,,,,,,"curatorial_files","img/derivatives/simple/603/thumbnail.jpg","img/derivatives/simple/603/fullwidth.jpg",,"Mary_with_Christ,_John_and_Putti_in_a_Landscape_detail_2.jpg"
604,3364,"Normal Light Images›Details","Mary with Christ, John and Putti in a Landscape - Detail 3",,,,,,,"curatorial_files","img/derivatives/simple/604/thumbnail.jpg","img/derivatives/simple/604/fullwidth.jpg",,"Mary_with_Christ,_John_and_Putti_in_a_Landscape_detail_3.jpg"
605,3378,"Normal Light Images›Related Materials","Mountain Landscape with a Hermit Reading in front of Ruins (St. Anthony) - Extra 1",,,,,,,"curatorial_files","img/derivatives/simple/605/thumbnail.jpg","img/derivatives/simple/605/fullwidth.jpg",,"Mountain_Landscape_with_a_Hermit_Reading_in_front_of_Ruins_(St._Anthony)_Extra_1.jpg"
606,3400,"Normal Light Images›Details","Orpheus Sings for Pluto and Proserpina (London) - Detail 1",,,,,,,"curatorial_files","img/derivatives/simple/606/thumbnail.jpg","img/derivatives/simple/606/fullwidth.jpg",,"Orpheus_Sings_for_Pluto_and_Proserpina_(London)_detail_1.jpg"
607,3400,"Normal Light Images›Details","Orpheus Sings for Pluto and Proserpina (London) - Detail 2",,,,,,,"curatorial_files","img/derivatives/simple/607/thumbnail.jpg","img/derivatives/simple/607/fullwidth.jpg",,"Orpheus_Sings_for_Pluto_and_Proserpina_(London)_detail_2.jpg"
608,3400,"Normal Light Images›Details","Orpheus Sings for Pluto and Proserpina (London) - Detail 3",,,,,,,"curatorial_files","img/derivatives/simple/608/thumbnail.jpg","img/derivatives/simple/608/fullwidth.jpg",,"Orpheus_Sings_for_Pluto_and_Proserpina_(London)_detail_3.jpg"
609,3400,"Normal Light Images›Details","Orpheus Sings for Pluto and Proserpina (London) - Detail 4",,,,,,,"curatorial_files","img/derivatives/simple/609/thumbnail.jpg","img/derivatives/simple/609/fullwidth.jpg",,"Orpheus_Sings_for_Pluto_and_Proserpina_(London)_detail_4.jpg"
610,3444,"Normal Light Images›Details","Preaching of John the Baptist (Munich) - Detail 1",,,,,,,"curatorial_files","img/derivatives/simple/610/thumbnail.jpg","img/derivatives/simple/610/fullwidth.jpg",,"Preaching_of_John_the_Baptist_(Munich)_detail_1.jpg"
611,3444,"Normal Light Images›Details","Preaching of John the Baptist (Munich) - Detail 2",,,,,,,"curatorial_files","img/derivatives/simple/611/thumbnail.jpg","img/derivatives/simple/611/fullwidth.jpg",,"Preaching_of_John_the_Baptist_(Munich)_detail_2.jpg"
612,3444,"Normal Light Images›Details","Preaching of John the Baptist (Munich) - Detail 3",,,,,,,"curatorial_files","img/derivatives/simple/612/thumbnail.jpg","img/derivatives/simple/612/fullwidth.jpg",,"Preaching_of_John_the_Baptist_(Munich)_detail_3.jpg"
613,3491,"Normal Light Images›Details","River Landscape with Travelers on a Road (Munich) - Detail 1",,,,,,,"curatorial_files","img/derivatives/simple/613/thumbnail.jpg","img/derivatives/simple/613/fullwidth.jpg",,"River_Landscape_with_Travelers_on_a_Road_(Munich)_detail_1.jpg"
614,3498,"Normal Light Images›Details","Riverside Village with Landing Stage - Detail 1",,,,,,,"curatorial_files","img/derivatives/simple/614/thumbnail.jpg","img/derivatives/simple/614/fullwidth.jpg",,"Riverside_Village_with_Landing_Stage_detail_1.jpg"
615,3498,"Normal Light Images›Details","Riverside Village with Landing Stage - Detail 2",,,,,,,"curatorial_files","img/derivatives/simple/615/thumbnail.jpg","img/derivatives/simple/615/fullwidth.jpg",,"Riverside_Village_with_Landing_Stage_detail_2.jpg"
616,3498,"Normal Light Images›Details","Riverside Village with Landing Stage - Detail 3",,,,,,,"curatorial_files","img/derivatives/simple/616/thumbnail.jpg","img/derivatives/simple/616/fullwidth.jpg",,"Riverside_Village_with_Landing_Stage_detail_3.jpg"
617,3506,"Normal Light Images›Extra Images","Road through a Wood - Extra 1",,,,,,,"curatorial_files","img/derivatives/simple/617/thumbnail.jpg","img/derivatives/simple/617/fullwidth.jpg",,"Road_through_a_Wood_Extra_1.png"
618,3506,"Normal Light Images›Details","Road through a Wood - Detail 1",,,,,,,"curatorial_files","img/derivatives/simple/618/thumbnail.jpg","img/derivatives/simple/618/fullwidth.jpg",,"Road_through_a_Wood_detail_1.jpg"
619,3517,"Normal Light Images›Details","Roadway by a Stream - Detail 1",,,,,,,"curatorial_files","img/derivatives/simple/619/thumbnail.jpg","img/derivatives/simple/619/fullwidth.jpg",,"Roadway_by_a_Stream_detail_1.jpg"
620,3517,"Normal Light Images›Details","Roadway by a Stream - Detail 2",,,,,,,"curatorial_files","img/derivatives/simple/620/thumbnail.jpg","img/derivatives/simple/620/fullwidth.jpg",,"Roadway_by_a_Stream_detail_2.jpg"
621,3528,"Normal Light Images›Details","Roman Carnival: Allegory of Winter - Detail 1",,,,,,,"curatorial_files","img/derivatives/simple/621/thumbnail.jpg","img/derivatives/simple/621/fullwidth.jpg",,"Roman_Carnival-_Allegory_of_Winter_detail_1.jpg"
622,3542,"Normal Light Images›Details","Sea Harbor with Preaching of Christ (Munich) - Detail 1",,,,,,,"curatorial_files","img/derivatives/simple/622/thumbnail.jpg","img/derivatives/simple/622/fullwidth.jpg",,"Sea_Harbor_with_Preaching_of_Christ_(Munich)_detail_1.jpg"
623,3542,"Normal Light Images›Details","Sea Harbor with Preaching of Christ (Munich) - Detail 2",,,,,,,"curatorial_files","img/derivatives/simple/623/thumbnail.jpg","img/derivatives/simple/623/fullwidth.jpg",,"Sea_Harbor_with_Preaching_of_Christ_(Munich)_detail_2.jpg"
624,3542,"Normal Light Images›Details","Sea Harbor with Preaching of Christ (Munich) - Detail 3",,,,,,,"curatorial_files","img/derivatives/simple/624/thumbnail.jpg","img/derivatives/simple/624/fullwidth.jpg",,"Sea_Harbor_with_Preaching_of_Christ_(Munich)_detail_3.jpg"
625,3542,"Normal Light Images›Details","Sea Harbor with Preaching of Christ (Munich) - Detail 4",,,,,,,"curatorial_files","img/derivatives/simple/625/thumbnail.jpg","img/derivatives/simple/625/fullwidth.jpg",,"Sea_Harbor_with_Preaching_of_Christ_(Munich)_detail_4.jpg"
626,3555,"Normal Light Images›Details","Sloth: Laborers Asleep in the Fields - Detail 1",,,,,,,"curatorial_files","img/derivatives/simple/626/thumbnail.jpg","img/derivatives/simple/626/fullwidth.jpg",,"Sloth-_Laborers_Asleep_in_the_Fields_detail_1.jpg"
627,3555,"Normal Light Images›Details","Sloth: Laborers Asleep in the Fields - Detail 2",,,,,,,"curatorial_files","img/derivatives/simple/627/thumbnail.jpg","img/derivatives/simple/627/fullwidth.jpg",,"Sloth-_Laborers_Asleep_in_the_Fields_detail_2.jpg"
628,3850,"Normal Light Images›Details","Storm at Sea with Shipwreck - Detail 1",,,,,,,"curatorial_files","img/derivatives/simple/628/thumbnail.jpg","img/derivatives/simple/628/fullwidth.jpg",,"Storm_at_Sea_with_Shipwreck_detail_1.jpg"
629,3850,"Normal Light Images›Details","Storm at Sea with Shipwreck - Detail 2",,,,,,,"curatorial_files","img/derivatives/simple/629/thumbnail.jpg","img/derivatives/simple/629/fullwidth.jpg",,"Storm_at_Sea_with_Shipwreck_detail_2.jpg"
630,3850,"Normal Light Images›Details","Storm at Sea with Shipwreck - Detail 3",,,,,,,"curatorial_files","img/derivatives/simple/630/thumbnail.jpg","img/derivatives/simple/630/fullwidth.jpg",,"Storm_at_Sea_with_Shipwreck_detail_3.jpg"
631,3850,"Normal Light Images›Details","Storm at Sea with Shipwreck - Detail 4",,,,,,,"curatorial_files","img/derivatives/simple/631/thumbnail.jpg","img/derivatives/simple/631/fullwidth.jpg",,"Storm_at_Sea_with_Shipwreck_detail_4.jpg"
632,3577,"Normal Light Images›Reverse","Verso: Light Sketch of Two Figures and a Man on Horseback",,,,,,"Verso of ""Studies of Figures, Two Dogs and a Fish.""","curatorial_files","img/derivatives/simple/632/thumbnail.jpg","img/derivatives/simple/632/fullwidth.jpg",,"Study_of_Figures_Two_Dogs_and_a_Fish_SL5227.68_British_Museum_verso.jpg"
633,3585,"Written Documents","Study of Three Seated Figures - Catalog Card from Museum Plantin-Moretus",,,,,,,"curatorial_files","img/derivatives/simple/633/thumbnail.jpg","img/derivatives/simple/633/fullwidth.jpg",,"Study_of_Three_Seated_Figures_Card.jpg"
635,3604,"Normal Light Images›Details","Temptation of St. Anthony (Munich) - Detail 1",,,,,,,"curatorial_files","img/derivatives/simple/635/thumbnail.jpg","img/derivatives/simple/635/fullwidth.jpg",,"Temptation_of_St._Anthony_(Munich)_detail_1.jpg"
636,3604,"Normal Light Images›Details","Temptation of St. Anthony (Munich) - Detail 2",,,,,,,"curatorial_files","img/derivatives/simple/636/thumbnail.jpg","img/derivatives/simple/636/fullwidth.jpg",,"Temptation_of_St._Anthony_(Munich)_detail_2.jpg"
637,3619,"Normal Light Images›Details","The Continence of Scipio - Detail 1",,,,,,,"curatorial_files","img/derivatives/simple/637/thumbnail.jpg","img/derivatives/simple/637/fullwidth.jpg",,"The_Continence_of_Scipio_detail_1.jpg"
638,3619,"Normal Light Images›Details","The Continence of Scipio - Detail 2",,,,,,,"curatorial_files","img/derivatives/simple/638/thumbnail.jpg","img/derivatives/simple/638/fullwidth.jpg",,"The_Continence_of_Scipio_detail_2.jpg"
639,3619,"Normal Light Images›Details","The Continence of Scipio - Detail 3",,,,,,,"curatorial_files","img/derivatives/simple/639/thumbnail.jpg","img/derivatives/simple/639/fullwidth.jpg",,"The_Continence_of_Scipio_detail_3.jpg"
640,3619,"Normal Light Images›Related Materials","(Possibly) Related drawing",,,,,,,"curatorial_files","img/derivatives/simple/640/thumbnail.jpg","img/derivatives/simple/640/fullwidth.jpg",,"The_Continence_of_Scipio_related_1.jpg"
641,3632,"Normal Light Images›Details","The Prophecy of Isaiah (Munich) - Detail 1",,,,,,,"curatorial_files","img/derivatives/simple/641/thumbnail.jpg","img/derivatives/simple/641/fullwidth.jpg",,"The_Prophecy_of_Isaiah_(Munich)_detail_1.jpg"
642,3632,"Normal Light Images›Details","The Prophecy of Isaiah (Munich) - Detail 2",,,,,,,"curatorial_files","img/derivatives/simple/642/thumbnail.jpg","img/derivatives/simple/642/fullwidth.jpg",,"The_Prophecy_of_Isaiah_(Munich)_detail_2.jpg"
643,3633,"Normal Light Images›Details","The Raid (Aschaffenburg) - Detail 1",,,,,,,"curatorial_files","img/derivatives/simple/643/thumbnail.jpg","img/derivatives/simple/643/fullwidth.jpg",,"The_Raid_(Aschaffenburg)_detail_1.jpg"
644,3633,"Normal Light Images›Details","The Raid (Aschaffenburg) - Detail 2",,,,,,,"curatorial_files","img/derivatives/simple/644/thumbnail.jpg","img/derivatives/simple/644/fullwidth.jpg",,"The_Raid_(Aschaffenburg)_detail_2.jpg"
645,3633,"Normal Light Images›Details","The Raid (Aschaffenburg) - Detail 3",,,,,,,"curatorial_files","img/derivatives/simple/645/thumbnail.jpg","img/derivatives/simple/645/fullwidth.jpg",,"The_Raid_(Aschaffenburg)_detail_3.jpg"
646,3633,"Normal Light Images›Details","The Raid (Aschaffenburg) - Detail 4",,,,,,,"curatorial_files","img/derivatives/simple/646/thumbnail.jpg","img/derivatives/simple/646/fullwidth.jpg",,"The_Raid_(Aschaffenburg)_detail_4.jpg"
647,3672,"Normal Light Images›Details","Triumph of Bacchus - Detail 1",,,,,,"Contour lines around van Balen's figures","curatorial_files","img/derivatives/simple/647/thumbnail.jpg","img/derivatives/simple/647/fullwidth.jpg",,"Triumph_of_Bacchus_detail_1.jpg"
648,3672,"Normal Light Images›Details","Triumph of Bacchus - Detail 2",,,,,,,"curatorial_files","img/derivatives/simple/648/thumbnail.jpg","img/derivatives/simple/648/fullwidth.jpg",,"Triumph_of_Bacchus_detail_2.jpg"
649,3672,"Normal Light Images›Details","Triumph of Bacchus - Detail 3",,,,,,,"curatorial_files","img/derivatives/simple/649/thumbnail.jpg","img/derivatives/simple/649/fullwidth.jpg",,"Triumph_of_Bacchus_detail_3.jpg"
650,3685,"Normal Light Images›Details","Venus and Mars - Detail 1",,,,,,,"curatorial_files","img/derivatives/simple/650/thumbnail.jpg","img/derivatives/simple/650/fullwidth.jpg",,"Venus_and_Mars_detail_1.jpg"
651,3866,"Normal Light Images›Details","View over a Broad River Valley with Gypsies - Detail 1",,,,,,,"curatorial_files","img/derivatives/simple/651/thumbnail.jpg","img/derivatives/simple/651/fullwidth.jpg",,"View_over_a_Broad_River_Valley_with_Gypsies_detail_1.jpg"
652,3866,"Normal Light Images›Details","View over a Broad River Valley with Gypsies - Detail 2",,,,,,,"curatorial_files","img/derivatives/simple/652/thumbnail.jpg","img/derivatives/simple/652/fullwidth.jpg",,"View_over_a_Broad_River_Valley_with_Gypsies_detail_2.jpg"
653,3866,"Normal Light Images›Details","View over a Broad River Valley with Gypsies - Detail 3",,,,,,,"curatorial_files","img/derivatives/simple/653/thumbnail.jpg","img/derivatives/simple/653/fullwidth.jpg",,"View_over_a_Broad_River_Valley_with_Gypsies_detail_3.jpg"
654,3706,"Written Documents","Village Alongside a River - Catalog Card from Museum Plantin-Moretus",,,,,,,"curatorial_files","img/derivatives/simple/654/thumbnail.jpg","img/derivatives/simple/654/fullwidth.jpg",,"Village_Alongside_a_River_Card.jpg"
655,3869,"Normal Light Images›Details","Village Landscape with Dancers, Ballad Singers, and Possible Self Portrait - Detail 1",,,,,,,"curatorial_files","img/derivatives/simple/655/thumbnail.jpg","img/derivatives/simple/655/fullwidth.jpg",,"Village_Landscape_with_Dancers,_Ballad_Singers,_and_Possible_Self_Portrait_detail_1.jpg"
656,3869,"Normal Light Images›Details","Village Landscape with Dancers, Ballad Singers, and Possible Self Portrait - Detail 2",,,,,,,"curatorial_files","img/derivatives/simple/656/thumbnail.jpg","img/derivatives/simple/656/fullwidth.jpg",,"Village_Landscape_with_Dancers,_Ballad_Singers,_and_Possible_Self_Portrait_detail_2.jpg"
657,3869,"Normal Light Images›Details","Village Landscape with Dancers, Ballad Singers, and Possible Self Portrait - Detail 3",,,,,,,"curatorial_files","img/derivatives/simple/657/thumbnail.jpg","img/derivatives/simple/657/fullwidth.jpg",,"Village_Landscape_with_Dancers,_Ballad_Singers,_and_Possible_Self_Portrait_detail_3.jpg"
658,3869,"Normal Light Images›Details","Village Landscape with Dancers, Ballad Singers, and Possible Self Portrait - Detail 4",,,,,,,"curatorial_files","img/derivatives/simple/658/thumbnail.jpg","img/derivatives/simple/658/fullwidth.jpg",,"Village_Landscape_with_Dancers,_Ballad_Singers,_and_Possible_Self_Portrait_detail_4.jpg"
659,3869,"Normal Light Images›Details","Village Landscape with Dancers, Ballad Singers, and Possible Self Portrait - Detail 5",,,,,,,"curatorial_files","img/derivatives/simple/659/thumbnail.jpg","img/derivatives/simple/659/fullwidth.jpg",,"Village_Landscape_with_Dancers,_Ballad_Singers,_and_Possible_Self_Portrait_detail_5.jpg"
660,3725,"Written Documents","Village Square - Catalog Card from Museum Plantin-Moretus",,,,,,,"curatorial_files","img/derivatives/simple/660/thumbnail.jpg","img/derivatives/simple/660/fullwidth.jpg",,"The_Village_Square_Card.jpg"
661,3726,"Normal Light Images›Details","Village Street - Detail 1",,,,,,,"curatorial_files","img/derivatives/simple/661/thumbnail.jpg","img/derivatives/simple/661/fullwidth.jpg",,"Village_Street_detail_1.jpg"
662,3726,"Normal Light Images›Details","Village Street - Detail 2",,,,,,,"curatorial_files","img/derivatives/simple/662/thumbnail.jpg","img/derivatives/simple/662/fullwidth.jpg",,"Village_Street_detail_2.jpg"
663,3757,"Normal Light Images›Details","Wide Landscape with Wagons - Detail 1",,,,,,,"curatorial_files","img/derivatives/simple/663/thumbnail.jpg","img/derivatives/simple/663/fullwidth.jpg",,"Wide_Landscape_with_Wagons_detail_1.jpg"
664,3757,"Normal Light Images›Details","Wide Landscape with Wagons - Detail 2",,,,,,,"curatorial_files","img/derivatives/simple/664/thumbnail.jpg","img/derivatives/simple/664/fullwidth.jpg",,"Wide_Landscape_with_Wagons_detail_2.jpg"
665,3757,"Normal Light Images›Details","Wide Landscape with Wagons - Detail 3",,,,,,,"curatorial_files","img/derivatives/simple/665/thumbnail.jpg","img/derivatives/simple/665/fullwidth.jpg",,"Wide_Landscape_with_Wagons_detail_3.jpg"
666,3766,"Normal Light Images›Details","Windmill in a River Landscape - Detail 1",,,,,,,"curatorial_files","img/derivatives/simple/666/thumbnail.jpg","img/derivatives/simple/666/fullwidth.jpg",,"Windmill_in_a_River_Landscape_detail_1.jpg"
667,3766,"Normal Light Images›Details","Windmill in a River Landscape - Detail 2",,,,,,,"curatorial_files","img/derivatives/simple/667/thumbnail.jpg","img/derivatives/simple/667/fullwidth.jpg",,"Windmill_in_a_River_Landscape_detail_2.jpg"
668,3766,"Normal Light Images›Details","Windmill in a River Landscape - Detail 3",,,,,,,"curatorial_files","img/derivatives/simple/668/thumbnail.jpg","img/derivatives/simple/668/fullwidth.jpg",,"Windmill_in_a_River_Landscape_detail_3.jpg"
670,3777,"Normal Light Images›Framed","Wooded Landscape with Duck Hunter - Framed",,,,,,,"curatorial_files","img/derivatives/simple/670/thumbnail.jpg","img/derivatives/simple/670/fullwidth.jpg",,"Wooded_Landscape_with_Duck_Hunter_framed.jpg"
671,3777,"Normal Light Images›Details","Wooded Landscape with Duck Hunter - Detail 1",,,,,,,"curatorial_files","img/derivatives/simple/671/thumbnail.jpg","img/derivatives/simple/671/fullwidth.jpg",,"wooded_landscape_with_duck_hunter_detail_1.jpg"
672,3781,"Written Documents","Wooded Landscape with Wagon - Catalog Card from Museum Plantin-Moretus",,,,,,,"curatorial_files","img/derivatives/simple/672/thumbnail.jpg","img/derivatives/simple/672/fullwidth.jpg",,"Wooded_Landscape_with_Wagon_Card.jpg"
673,3783,"Normal Light Images›Details","Woodland Landscape with Travelers on a Path - Detail 1",,,,,,,"curatorial_files","img/derivatives/simple/673/thumbnail.jpg","img/derivatives/simple/673/fullwidth.jpg",,"Woodland_Landscape_with_Travelers_on_a_Path_detail_1.jpg"
674,3783,"Normal Light Images›Details","Woodland Landscape with Travelers on a Path - Detail 2",,,,,,,"curatorial_files","img/derivatives/simple/674/thumbnail.jpg","img/derivatives/simple/674/fullwidth.jpg",,"Woodland_Landscape_with_Travelers_on_a_Path_detail_2.jpg"
675,3783,"Normal Light Images›Details","Woodland Landscape with Travelers on a Path - Detail 3",,,,,,,"curatorial_files","img/derivatives/simple/675/thumbnail.jpg","img/derivatives/simple/675/fullwidth.jpg",,"Woodland_Landscape_with_Travelers_on_a_Path_detail_3.jpg"
676,3783,"Normal Light Images›Details","Woodland Landscape with Travelers on a Path - Detail 4",,,,,,,"curatorial_files","img/derivatives/simple/676/thumbnail.jpg","img/derivatives/simple/676/fullwidth.jpg",,"Woodland_Landscape_with_Travelers_on_a_Path_detail_4.jpg"
678,3157,"Normal Light Images›Related Materials","Flower Chart",,,,,,,"curatorial_files","img/derivatives/simple/678/thumbnail.jpg","img/derivatives/simple/678/fullwidth.jpg",,"Flowers_in_a_Painted_Ceramic_Vase_(Vienna)_-_flower_chart.jpg"
682,3780,"Normal Light Images›Extra Images","Black and white",,,,,,,"curatorial_files","img/derivatives/simple/682/thumbnail.jpg","img/derivatives/simple/682/fullwidth.jpg",,"Wooded_Landscape_with_Travelers_and_an_Upset_Cart.png"
683,3518,"Normal Light Images›Details","From the RKD",,,,,,,"curatorial_files","img/derivatives/simple/683/thumbnail.jpg","img/derivatives/simple/683/fullwidth.jpg",,"Rocky_Coastal_Inlet_with_Battle_Ship.png"
734,5550,"Normal Light Images›Framed","Framed",,,,,,,"curatorial_files","img/derivatives/simple/734/thumbnail.jpg","img/derivatives/simple/734/fullwidth.jpg",,"38a151020_138_56729_1_a.jpg"
735,5550,"Normal Light Images›Reverse","Reverse",,,,,,,"curatorial_files","img/derivatives/simple/735/thumbnail.jpg","img/derivatives/simple/735/fullwidth.jpg",,"38a151020_138_56729_1_b.jpg"
736,3004,"Normal Light Images›Framed","Framed",,,,,,,"curatorial_files","img/derivatives/simple/736/thumbnail.jpg","img/derivatives/simple/736/fullwidth.jpg",,"38a151020_138_57059_2_a.jpg"
768,3048,"Normal Light Images›Extra Images",,,,,,,,"curatorial_files","img/derivatives/simple/768/thumbnail.jpg","img/derivatives/simple/768/fullwidth.jpg",,"ertz527_0.jpg"
6530,9648,"Normal Light Images›Extra Images","Black and white image",,,,,,,"curatorial_files","img/derivatives/simple/6530/thumbnail.jpg","img/derivatives/simple/6530/fullwidth.jpg",,"Studies_of_Peasants_with_Baskets.jpg"
6531,9708,"Normal Light Images›Reverse","Studies of Foliage with Fruits and Berries",,,,,,"Verso of ""Study of a Tree Trunk and Foliage""","curatorial_files","img/derivatives/simple/6531/thumbnail.jpg","img/derivatives/simple/6531/fullwidth.jpg",,"Study_of_a_Tree_Trunk_and_Foliage_18740808.2260_British_Museum_verso.jpg"
7272,9723,"Normal Light Images›Extra Images",,,,,,,,"curatorial_files","img/derivatives/simple/7272/thumbnail.jpg","img/derivatives/simple/7272/fullwidth.jpg",,"A_Village_Street_RCIN_906234_Windsor_2.jpg"
7273,2945,"Normal Light Images›Extra Images",,,,,,,,"curatorial_files","img/derivatives/simple/7273/thumbnail.jpg","img/derivatives/simple/7273/fullwidth.jpg",,"Ancient_Ruins_Ashby.Disegni.111_Vatican_2.jpg"
7274,9787,"Normal Light Images›Extra Images",,,,,,,,"curatorial_files","img/derivatives/simple/7274/thumbnail.jpg","img/derivatives/simple/7274/fullwidth.jpg",,"Birds_Sitting_on_a_Branch_6407_Fondation_Custodia_2.jpg"
7275,2979,"Normal Light Images›Extra Images","Extra image",,,,,,,"curatorial_files","img/derivatives/simple/7275/thumbnail.jpg","img/derivatives/simple/7275/fullwidth.jpg",,"Boats_and_Canoes_in_the_Middle_of_a_River_INV_23088_Louvre_2.jpg"
7276,3257,"Normal Light Images›Details","Harbor Scene Watermark",,,,,,,"curatorial_files","img/derivatives/simple/7276/thumbnail.jpg","img/derivatives/simple/7276/fullwidth.jpg",,"Harbor_Scene_19100212.125_British_Museum_watermark.jpg"
7277,9813,"Normal Light Images›Extra Images",,,,,,,,"curatorial_files","img/derivatives/simple/7277/thumbnail.jpg","img/derivatives/simple/7277/fullwidth.jpg",,"Figures_and_a_Wagon_near_an_Inn_N_19_PK_Museum_Boijmans-van_Beuningen_2.jpg"
7278,9809,"Normal Light Images›Extra Images",,,,,,,,"curatorial_files","img/derivatives/simple/7278/thumbnail.jpg","img/derivatives/simple/7278/fullwidth.jpg",,"Figures_and_Wagons_MB_1692_PK_Museum_Boijmans-van_Beuningen_2.jpg"
7279,9824,"Normal Light Images›Extra Images",,,,,,,,"curatorial_files","img/derivatives/simple/7279/thumbnail.jpg","img/derivatives/simple/7279/fullwidth.jpg",,"Inn_by_a_Canal_with_a_Coach_and_a_Barge_MB_1696_PK_Museum_Boijmans-van_Beuningen_2.jpg"
7280,9687,"Normal Light Images›Extra Images",,,,,,,,"curatorial_files","img/derivatives/simple/7280/thumbnail.jpg","img/derivatives/simple/7280/fullwidth.jpg",,"Landscape_with_Covered_Wagon_and_View_of_Antwerp_15942_Stadel_2_1.jpg"
7281,9687,"Normal Light Images›Extra Images",,,,,,,,"curatorial_files","img/derivatives/simple/7281/thumbnail.jpg","img/derivatives/simple/7281/fullwidth.jpg",,"Landscape_with_Covered_Wagon_and_View_of_Antwerp_15942_Stadel_3.jpg"
7282,9742,"Normal Light Images›Extra Images",,,,,,,,"curatorial_files","img/derivatives/simple/7282/thumbnail.jpg","img/derivatives/simple/7282/fullwidth.jpg",,"Peasants_and_Hay_Wagon_61.130.1_Met_2.jpg"
7283,9669,"Normal Light Images›Extra Images",,,,,,,,"curatorial_files","img/derivatives/simple/7283/thumbnail.jpg","img/derivatives/simple/7283/fullwidth.jpg",,"Pig_Market_804_Dresden_2.jpg"
7284,9724,"Normal Light Images›Extra Images",,,,,,,,"curatorial_files","img/derivatives/simple/7284/thumbnail.jpg","img/derivatives/simple/7284/fullwidth.jpg",,"Sheet_of_Figure_Studies_RCIN_912988_Windsor_2.jpg"
7285,3550,"Normal Light Images›Extra Images",,,,,,,,"curatorial_files","img/derivatives/simple/7285/thumbnail.jpg","img/derivatives/simple/7285/fullwidth.jpg",,"Sheet_of_Various_Studies_for_a_PIcture_of_the_Terrestrial_Paradise_SL5214.166_British_Museum_2.jpg"
7286,9696,"Normal Light Images›Reverse",,,,,,,,"curatorial_files","img/derivatives/simple/7286/thumbnail.jpg","img/derivatives/simple/7286/fullwidth.jpg",,"Sketch_of_a_Southern_Landscape_with_Buildings_on_a_Road_in_Tivoli_5094_Kassel.jpg"
7287,9633,"Normal Light Images›Extra Images",,,,,,,,"curatorial_files","img/derivatives/simple/7287/thumbnail.jpg","img/derivatives/simple/7287/fullwidth.jpg",,"Studies_of_Working_Peasants_478_Musees_Royaux_des_Beaux-Arts_de_Belgique_2.jpg"
7288,9820,"Normal Light Images›Reverse",,,,,,,,"curatorial_files","img/derivatives/simple/7288/thumbnail.jpg","img/derivatives/simple/7288/fullwidth.jpg",,"Study_Sheet_with_Sheep-Herder_and_Groups_of_Figures_MB_1948_T_3_PK_Museum_Boijmans-van_Beuningen_verso.jpg"
7289,3592,"Normal Light Images›Extra Images",,,,,,,,"curatorial_files","img/derivatives/simple/7289/thumbnail.jpg","img/derivatives/simple/7289/fullwidth.jpg",,"Tazza-shaped_Vase_and_Flowers_18950915.1012_British_Museum_2.jpg"
7290,9825,"Normal Light Images›Extra Images",,,,,,,,"curatorial_files","img/derivatives/simple/7290/thumbnail.jpg","img/derivatives/simple/7290/fullwidth.jpg",,"The_Miraculous_Feeding_N_115_PK_Museum_Boijmans-van_Beuningen_2.jpg"
7291,9759,"Normal Light Images›Extra Images",,,,,,,,"curatorial_files","img/derivatives/simple/7291/thumbnail.jpg","img/derivatives/simple/7291/fullwidth.jpg",,"The_So-Called_Tomb_of_Agrippina_1966.66.3_Ashmolean_2.jpg"
7292,9818,"Normal Light Images›Extra Images",,,,,,,,"curatorial_files","img/derivatives/simple/7292/thumbnail.jpg","img/derivatives/simple/7292/fullwidth.jpg",,"View_of_a_Village_by_a_River_with_a_Watermill_MB_1497_PK_Museum_Boijmans-van_Beuningen_2.jpg"
7293,3741,"Normal Light Images›Extra Images",,,,,,,,"curatorial_files","img/derivatives/simple/7293/thumbnail.jpg","img/derivatives/simple/7293/fullwidth.jpg",,"Villagers_on_Their_Way_to_Market_4060-484_Musees_Royaux_des_Beaux-Arts_de_Belgique_2.jpg"
7295,9695,"Normal Light Images›Reverse",,,,,,,,"curatorial_files","img/derivatives/simple/7295/thumbnail.jpg","img/derivatives/simple/7295/fullwidth.jpg",,"Waterfalls_in_Tivoli_5096_Kassel_verso.jpg"
7296,3767,"Normal Light Images›Extra Images",,,,,,,,"curatorial_files","img/derivatives/simple/7296/thumbnail.jpg","img/derivatives/simple/7296/fullwidth.jpg",,"Windmill_on_a_Busy_River_RP-T-1961-68_Rijksmuseum_extra1.jpg"
7297,3767,"Normal Light Images›Extra Images",,,,,,,,"curatorial_files","img/derivatives/simple/7297/thumbnail.jpg","img/derivatives/simple/7297/fullwidth.jpg",,"Windmill_on_a_Busy_River_RP-T-1961-68_Rijksmuseum_extra2.jpg"
7298,9637,"Normal Light Images›Extra Images",,,,,,,,"curatorial_files","img/derivatives/simple/7298/thumbnail.jpg","img/derivatives/simple/7298/fullwidth.jpg",,"Winter_Landscape_with_Travellers_1302_Szepmuveszeti_2.jpg"
7299,9637,"Normal Light Images›Extra Images",,,,,,,,"curatorial_files","img/derivatives/simple/7299/thumbnail.jpg","img/derivatives/simple/7299/fullwidth.jpg",,"Winter_Landscape_with_Travellers_1302_Szepmuveszeti_3.jpg"
7300,9691,"Normal Light Images›Extra Images",,,,,,,,"curatorial_files","img/derivatives/simple/7300/thumbnail.jpg","img/derivatives/simple/7300/fullwidth.jpg",,"Wintervergnugen_auf_einem_Kanal_21755_Hamburger_Kunsthalle_2.jpg"
7309,9804,"Normal Light Images›Extra Images",,,,,,,,"curatorial_files","img/derivatives/simple/7309/thumbnail.jpg","img/derivatives/simple/7309/fullwidth.jpg",,"Harbor_in_Naples.jpg"
7321,3394,"Normal Light Images›Extra Images",,,,,,,,"curatorial_files","img/derivatives/simple/7321/thumbnail.jpg","img/derivatives/simple/7321/fullwidth.jpg",,"Oil_Sketch_of_Dogs.png"
7330,9646,"Normal Light Images›Extra Images","Black and white",,,,,,,"curatorial_files","img/derivatives/simple/7330/thumbnail.jpg","img/derivatives/simple/7330/fullwidth.jpg",,"Study_of_Ostriches.jpg"
7331,3110,"Normal Light Images›Extra Images","Black and white",,,,,,,"curatorial_files","img/derivatives/simple/7331/thumbnail.jpg","img/derivatives/simple/7331/fullwidth.jpg",,"Feast_of_the_Gods_with_Marriage_of_Peleus_and_Thetis_black_and_white.jpg"
7332,3589,"Normal Light Images›Extra Images",,,,,,,,"curatorial_files","img/derivatives/simple/7332/thumbnail.jpg","img/derivatives/simple/7332/fullwidth.jpg",,"Study_with_Wagons_Cattle_Peasants_and_Horsemen.jpg"
7333,9802,"Normal Light Images›Extra Images","From Sotheby's",,,,,,,"curatorial_files","img/derivatives/simple/7333/thumbnail.jpg","img/derivatives/simple/7333/fullwidth.jpg",,"Canal_in_Village_1940.6_Vassar.png"
7334,3689,"Normal Light Images›Extra Images",,,,,,,,"curatorial_files","img/derivatives/simple/7334/thumbnail.jpg","img/derivatives/simple/7334/fullwidth.jpg",,"View_Down_a_River_through_a_Village_small.jpg"
7349,2971,"Normal Light Images›Framed","Battle of the Amazons - Framed",,,,,,,"curatorial_files","img/derivatives/simple/7349/thumbnail.jpg","img/derivatives/simple/7349/fullwidth.jpg",,"Screen_Shot_2016-07-11_at_4.38.31_PM.png"
7350,2971,"Normal Light Images›Details","Battle of the Amazons - Detail 1",,,,,,,"curatorial_files","img/derivatives/simple/7350/thumbnail.jpg","img/derivatives/simple/7350/fullwidth.jpg",,"Screen_Shot_2016-07-11_at_4.39.08_PM.png"
7351,2971,"Normal Light Images›Details","Battle of the Amazons - Detail 2",,,,,,,"curatorial_files","img/derivatives/simple/7351/thumbnail.jpg","img/derivatives/simple/7351/fullwidth.jpg",,"Screen_Shot_2016-07-11_at_4.39.29_PM_0.png"
7352,2971,"Normal Light Images›Details","Battle of the Amazons - Detail 3",,,,,,,"curatorial_files","img/derivatives/simple/7352/thumbnail.jpg","img/derivatives/simple/7352/fullwidth.jpg",,"Screen_Shot_2016-07-11_at_4.39.38_PM.png"
7353,2971,"Normal Light Images›Details","Battle of the Amazons - Detail 4",,,,,,,"curatorial_files","img/derivatives/simple/7353/thumbnail.jpg","img/derivatives/simple/7353/fullwidth.jpg",,"Screen_Shot_2016-07-11_at_4.39.53_PM.png"
7354,3402,"Normal Light Images›Framed",,,,,,,,"curatorial_files","img/derivatives/simple/7354/thumbnail.jpg","img/derivatives/simple/7354/fullwidth.jpg",,"Orpheus_Sings_for_Pluto_and_Proserpina_Rome_extra.jpg"
8206,10199,"Normal Light Images›Details","Travelers in a Mountain Landscape - Detail",,,,,,,"curatorial_files","img/derivatives/simple/8206/thumbnail.jpg","img/derivatives/simple/8206/fullwidth.jpg",,"Travelers_in_a_Mountain_Landscape_Detail.jpg"
8207,10193,"Normal Light Images›Details","Passage in the High Mountains - Detail",,,,,,,"curatorial_files","img/derivatives/simple/8207/thumbnail.jpg","img/derivatives/simple/8207/fullwidth.jpg",,"Passage_in_the_Mountains_Detail.jpg"
10119,3014,"Normal Light Images›Details","Calvary (Munich) - Detail 2",,,,,,,"curatorial_files","img/derivatives/simple/10119/thumbnail.jpg","img/derivatives/simple/10119/fullwidth.jpg",,"20161114_124151_1.jpg"
10211,3284,,,,,,,,,"curatorial_files","img/derivatives/simple/10211/thumbnail.jpg","img/derivatives/simple/10211/fullwidth.jpg",,"Prado_Garland_Infrared.jpg"
